id,date,department,semester,feedback,sentiment,emotion,aspect
1592,2026-08-29,CIVIL,7,"As a student, I am concerned that the scholarship process is complicated. Students need better support in this area.",Negative,Frustrated,Scholarship
944,2026-02-09,AIDS,2,I am satisfied because the routes are useful for students. This is helpful for students.,Positive,Satisfied,Transport
870,2026-09-06,IT,5,"Currently, the hostel follows the regular schedule. I do not have a strong opinion about it.",Neutral,Neutral,Hostel
163,2026-08-15,EEE,5,I feel positive about the fact that the professors are friendly with students. This is helpful for students.,Positive,Satisfied,Faculty
1272,2026-05-15,MECH,1,I am not satisfied because students do not receive enough interview training. This is affecting the student experience.,Negative,Frustrated,Placement
71,2026-07-14,EEE,1,I strongly feel that the faculty needs to improve the teaching methods.,Negative,Disappointed,Teaching
248,2026-08-31,ECE,4,"Overall, faculty support is poor. Students need better support in this area.",Negative,Anxious,Faculty
323,2026-05-05,ECE,7,I am happy with the fact that the course structure is easy to follow. I appreciate the effort taken by the college.,Positive,Satisfied,Courses
1660,2026-09-26,CSE,3,I am pleased that the food quality is satisfactory. This is helpful for students.,Positive,Satisfied,Cafeteria
1005,2026-07-31,ECE,5,"From my experience, the transport service is normal. This is acceptable for now.",Neutral,Neutral,Transport
1663,2026-06-15,MECH,6,"I am pleased that the cafeteria service is fast. Overall, I am happy with the situation.",Positive,Satisfied,Cafeteria
910,2026-06-10,IT,2,I feel happy because transport facilities are useful. This has improved my college experience.,Positive,Happy,Transport
1226,2026-04-07,IT,8,"I am satisfied because the placement department provides good support. Overall, I am happy with the situation.",Positive,Satisfied,Placement
902,2026-08-05,EEE,4,I am happy that the transport facilities are comfortable. This has improved my college experience.,Positive,Satisfied,Transport
592,2026-07-07,CSE,8,"Currently, the lab computers work normally. This is the current situation.",Neutral,Neutral,Laboratory
1274,2026-04-25,EEE,8,I feel disappointed that the placement department provides little support.,Negative,Disappointed,Placement
555,2026-03-17,AIDS,3,"Currently, the current lab arrangements are acceptable.",Neutral,Neutral,Laboratory
1062,2026-03-02,AIDS,6,I really appreciate that the internet facilities are reliable.,Positive,Happy,Infrastructure
530,2026-03-22,IT,4,"Overall, the computers frequently stop working. This is affecting the student experience.",Negative,Disappointed,Laboratory
1720,2026-03-03,CIVIL,2,I feel that the service is poorly managed is a serious problem. Students need better support in this area.,Negative,Frustrated,Cafeteria
722,2026-05-20,CSE,3,"From my experience, the library collection is reasonable.",Neutral,Neutral,Library
562,2026-01-01,CIVIL,7,"Generally, the practical sessions follow the timetable. The current arrangement is reasonable.",Neutral,Neutral,Laboratory
539,2026-07-04,CSE,6,"As a student, I am concerned that the laboratory has insufficient equipment. I hope the college addresses this issue.",Negative,Angry,Laboratory
1254,2026-09-25,EEE,3,I am worried because career guidance is not sufficient.,Negative,Disappointed,Placement
496,2026-08-31,MECH,6,"From my experience, the laboratory equipment is modern. This is helpful for students.",Positive,Happy,Laboratory
651,2026-07-24,IT,4,I am frustrated because the library facilities need improvement. Students need better support in this area.,Negative,Anxious,Library
716,2026-02-27,ECE,1,"From my experience, the reading area is adequate. This is acceptable for now.",Neutral,Neutral,Library
531,2026-03-15,ECE,6,I am not satisfied because the laboratory facilities need improvement. I hope the college addresses this issue.,Negative,Disappointed,Laboratory
1574,2026-06-25,ECE,6,This has been disappointing because the scholarship procedure is difficult.,Negative,Disappointed,Scholarship
1583,2026-05-28,AIDS,6,I am unhappy because students face delays in the scholarship process. This is affecting the student experience.,Negative,Angry,Scholarship
1724,2026-05-10,EEE,2,I am frustrated because the cafeteria is not clean. This is affecting the student experience.,Negative,Frustrated,Cafeteria
1299,2026-07-21,CIVIL,1,I feel disappointed that students need better career guidance. This should be improved soon.,Negative,Disappointed,Placement
472,2026-01-12,IT,3,"I am happy that the laboratory equipment is modern. Overall, I am happy with the situation.",Positive,Happy,Laboratory
1345,2026-06-20,AIDS,8,"From my experience, career guidance is provided. The current arrangement is reasonable.",Neutral,Neutral,Placement
290,2026-08-19,CIVIL,6,"From my experience, professor interaction is acceptable.",Neutral,Neutral,Faculty
1562,2026-05-10,EEE,6,This makes me anxious because students face delays in the scholarship process. I hope the college addresses this issue.,Negative,Anxious,Scholarship
1634,2026-05-11,IT,1,I observed that the scholarship procedure is acceptable. This is the current situation.,Neutral,Neutral,Scholarship
620,2026-03-19,AIDS,8,I really appreciate that the digital library is very useful.,Positive,Satisfied,Library
1428,2026-07-18,MECH,5,"Overall, the timetable is difficult to understand.",Negative,Disappointed,Examination
661,2026-06-14,ECE,1,I feel disappointed that the library closes too early. This should be improved soon.,Negative,Disappointed,Library
1487,2026-01-11,AIDS,3,"Currently, the exams follow the academic schedule. I do not have a strong opinion about it.",Neutral,Neutral,Examination
1356,2026-06-05,CIVIL,6,I am happy that the examination rules are clearly communicated.,Positive,Happy,Examination
1741,2026-04-20,AIDS,8,This makes me angry because the cafeteria has limited variety.,Negative,Angry,Cafeteria
353,2026-05-08,CSE,6,I am unhappy because the course workload is too high. This should be improved soon.,Negative,Anxious,Courses
552,2026-07-05,IT,2,I observed that the laboratory facilities are adequate. This is acceptable for now.,Neutral,Neutral,Laboratory
66,2026-03-23,MECH,8,I am not satisfied because the teaching quality is poor. This is affecting the student experience.,Negative,Disappointed,Teaching
1349,2026-07-21,AIDS,4,"At present, the placement process follows the normal schedule. I do not have a strong opinion about it.",Neutral,Neutral,Placement
325,2026-07-29,MECH,8,I really enjoy that the syllabus provides useful practical knowledge.,Positive,Happy,Courses
1135,2026-08-20,IT,8,I am disappointed because the infrastructure is not maintained properly. I hope the college addresses this issue.,Negative,Anxious,Infrastructure
1644,2026-01-21,CIVIL,3,I observed that the scholarship procedure is acceptable. The current arrangement is reasonable.,Neutral,Neutral,Scholarship
252,2026-09-27,EEE,6,"Currently, faculty communication is adequate. I do not have a strong opinion about it.",Neutral,Neutral,Faculty
1354,2026-06-30,EEE,1,"Overall, the exam timetable is clearly communicated. This is helpful for students.",Positive,Happy,Examination
611,2026-07-07,EEE,5,I feel positive about the fact that the library collection is helpful for students. This has improved my college experience.,Positive,Happy,Library
1371,2026-03-13,MECH,4,I am pleased that the evaluation process is transparent. This has improved my college experience.,Positive,Satisfied,Examination
679,2026-04-07,AIDS,3,I am worried because many required books are unavailable. This should be improved soon.,Negative,Disappointed,Library
1337,2026-05-05,MECH,4,"For me, the placement process follows the normal schedule. The current arrangement is reasonable.",Neutral,Neutral,Placement
1340,2026-03-08,CSE,6,The current situation is that the placement process follows the normal schedule.,Neutral,Neutral,Placement
30,2026-02-20,AIDS,1,I am satisfied because the teaching methods are effective. I appreciate the effort taken by the college.,Positive,Satisfied,Teaching
1122,2026-09-14,IT,7,I am worried because the classrooms need better equipment. I hope the college addresses this issue.,Negative,Angry,Infrastructure
1710,2026-07-24,MECH,7,This makes me angry because the cafeteria has limited variety. Students need better support in this area.,Negative,Angry,Cafeteria
136,2026-07-15,CIVIL,6,I observed that the teaching follows the department plan. The current arrangement is reasonable.,Neutral,Neutral,Teaching
652,2026-02-18,IT,5,I am unhappy because the library closes too early. This is affecting the student experience.,Negative,Anxious,Library
1650,2026-06-12,EEE,4,"Generally, the scholarship procedure is acceptable. This is the current situation.",Neutral,Neutral,Scholarship
681,2026-02-10,MECH,8,I am angry because important reference books are missing. I hope the college addresses this issue.,Negative,Angry,Library
1673,2026-06-25,CIVIL,5,I feel positive about the fact that the food is fresh and tasty.,Positive,Satisfied,Cafeteria
1455,2026-02-25,MECH,1,"From my experience, the evaluation process follows the rules. The current arrangement is reasonable.",Neutral,Neutral,Examination
1494,2026-07-26,IT,8,I observed that the timetable is available on time. This is acceptable for now.,Neutral,Neutral,Examination
1311,2026-09-05,IT,1,"From my experience, the placement training is acceptable. This is the current situation.",Neutral,Neutral,Placement
556,2026-01-10,MECH,5,"From my experience, the laboratory is available for practical sessions. The current arrangement is reasonable.",Neutral,Neutral,Laboratory
1596,2026-09-05,CSE,5,I am unhappy because the application requirements are confusing. This should be improved soon.,Negative,Disappointed,Scholarship
383,2026-01-23,CIVIL,1,This frustrates me because the syllabus is difficult to complete.,Negative,Frustrated,Courses
174,2026-02-08,CSE,8,"I am happy with the fact that teachers provide useful academic guidance. Overall, I am happy with the situation.",Positive,Satisfied,Faculty
110,2026-01-01,MECH,8,"From my experience, the professor completes the scheduled topics. The current arrangement is reasonable.",Neutral,Neutral,Teaching
571,2026-01-27,CSE,7,"From my experience, the practical sessions follow the timetable. The current arrangement is reasonable.",Neutral,Neutral,Laboratory
536,2026-05-01,AIDS,5,I feel that many computers do not work properly is a serious problem. This should be improved soon.,Negative,Disappointed,Laboratory
1605,2026-04-25,CSE,5,"From my experience, the scholarship information is available. This is acceptable for now.",Neutral,Neutral,Scholarship
1028,2026-04-26,MECH,7,"Currently, the transport system meets basic requirements.",Neutral,Neutral,Transport
865,2026-08-16,CSE,7,"Currently, the hostel rooms are acceptable. This is the current situation.",Neutral,Neutral,Hostel
240,2026-07-26,ECE,1,I feel disappointed that some professors are difficult to approach. I hope the college addresses this issue.,Negative,Disappointed,Faculty
112,2026-08-13,MECH,8,I observed that the faculty follows the planned syllabus. This is the current situation.,Neutral,Neutral,Teaching
1661,2026-08-03,AIDS,2,I am happy that the cafeteria is clean.,Positive,Happy,Cafeteria
949,2026-03-01,AIDS,3,I am satisfied because the buses are well maintained. I appreciate the effort taken by the college.,Positive,Satisfied,Transport
590,2026-08-23,AIDS,8,"From my experience, the lab environment is normal. This is acceptable for now.",Neutral,Neutral,Laboratory
818,2026-04-07,EEE,2,I am concerned because the food quality is not good.,Negative,Anxious,Hostel
24,2026-04-28,IT,4,I am happy that the lecturer gives useful examples. This is helpful for students.,Positive,Happy,Teaching
1568,2026-05-12,MECH,2,I feel worried because the application requirements are confusing. This should be improved soon.,Negative,Anxious,Scholarship
1790,2026-01-02,EEE,4,"Currently, the food variety is acceptable.",Neutral,Neutral,Cafeteria
1256,2026-07-14,CSE,1,This has been disappointing because the number of companies is too low. This is affecting the student experience.,Negative,Disappointed,Placement
519,2026-05-31,CSE,8,I feel that many computers do not work properly is a serious problem. I hope the college addresses this issue.,Negative,Angry,Laboratory
430,2026-08-31,CIVIL,2,"From my experience, the course workload is manageable.",Neutral,Neutral,Courses
655,2026-03-18,ECE,4,I am concerned because the library does not have enough books. Students need better support in this area.,Negative,Anxious,Library
332,2026-01-12,CIVIL,6,I am satisfied because the syllabus provides useful practical knowledge.,Positive,Satisfied,Courses
189,2026-07-06,MECH,4,"Overall, teachers provide useful academic guidance. I appreciate the effort taken by the college.",Positive,Happy,Faculty
1726,2026-01-31,MECH,6,This makes me anxious because the food is too expensive.,Negative,Anxious,Cafeteria
384,2026-04-02,CIVIL,1,I feel frustrated because the course material is confusing. This should be improved soon.,Negative,Frustrated,Courses
439,2026-01-07,CIVIL,7,The current situation is that the curriculum follows the university requirements. I do not have a strong opinion about it.,Neutral,Neutral,Courses
1776,2026-07-29,CSE,8,"Currently, the cafeteria is normally maintained. The current arrangement is reasonable.",Neutral,Neutral,Cafeteria
591,2026-04-06,IT,5,"Currently, the current lab arrangements are acceptable. This is the current situation.",Neutral,Neutral,Laboratory
211,2026-05-31,ECE,2,This has been disappointing because some professors are difficult to approach. This should be improved soon.,Negative,Disappointed,Faculty
221,2026-07-05,IT,4,I am unhappy because some professors are difficult to approach. This should be improved soon.,Negative,Anxious,Faculty
204,2026-02-23,CIVIL,6,I feel that the faculty members are not supportive is a serious problem. This should be improved soon.,Negative,Anxious,Faculty
440,2026-02-21,AIDS,2,"Currently, the syllabus covers the required topics. The current arrangement is reasonable.",Neutral,Neutral,Courses
1620,2026-09-14,ECE,6,"Currently, the scholarship procedure is acceptable. This is the current situation.",Neutral,Neutral,Scholarship
1518,2026-04-11,EEE,6,I am happy with the fact that the scholarship support is useful.,Positive,Satisfied,Scholarship
1742,2026-09-11,CSE,1,I am frustrated because the cafeteria is not clean. This should be improved soon.,Negative,Angry,Cafeteria
583,2026-06-11,EEE,6,I observed that the practical sessions follow the timetable. This is acceptable for now.,Neutral,Neutral,Laboratory
1734,2026-07-03,AIDS,8,I feel disappointed that the food quality needs improvement.,Negative,Disappointed,Cafeteria
484,2026-07-25,EEE,8,I am satisfied because the practical sessions are useful.,Positive,Satisfied,Laboratory
1250,2026-08-02,CSE,3,I am happy that many companies visit the campus. This is helpful for students.,Positive,Happy,Placement
783,2026-09-08,MECH,1,"Overall, the accommodation is comfortable. Overall, I am happy with the situation.",Positive,Happy,Hostel
482,2026-03-01,AIDS,1,"From my experience, the practical classes improve our skills. I appreciate the effort taken by the college.",Positive,Satisfied,Laboratory
515,2026-01-03,ECE,8,This makes me anxious because the practical classes are difficult because of equipment problems. I hope the college addresses this issue.,Negative,Anxious,Laboratory
950,2026-06-05,IT,6,My experience has been good because the transport facilities are comfortable. I appreciate the effort taken by the college.,Positive,Satisfied,Transport
969,2026-07-05,CSE,5,I am frustrated because there are not enough buses. This should be improved soon.,Negative,Frustrated,Transport
612,2026-06-26,ECE,8,"I am happy with the fact that the digital library is very useful. Overall, I am happy with the situation.",Positive,Satisfied,Library
803,2026-04-23,ECE,3,I am disappointed because the hostel facilities need improvement. I hope the college addresses this issue.,Negative,Disappointed,Hostel
528,2026-01-24,MECH,2,This frustrates me because the practical classes are difficult because of equipment problems.,Negative,Frustrated,Laboratory
768,2026-04-05,AIDS,3,I feel happy because the hostel facilities are good. This is helpful for students.,Positive,Happy,Hostel
599,2026-06-16,MECH,8,I observed that the lab computers work normally. This is the current situation.,Neutral,Neutral,Laboratory
116,2026-03-11,CIVIL,2,"Currently, the teaching follows the department plan. The current arrangement is reasonable.",Neutral,Neutral,Teaching
507,2026-09-25,AIDS,1,"As a student, I am concerned that the practical classes are difficult because of equipment problems.",Negative,Anxious,Laboratory
545,2026-03-23,CSE,3,I am unhappy because many computers do not work properly. This is affecting the student experience.,Negative,Angry,Laboratory
351,2026-05-24,IT,3,I strongly feel that the course material is confusing. I hope the college addresses this issue.,Negative,Angry,Courses
1388,2026-08-28,MECH,8,"I am pleased that the examination process is well organized. Overall, I am happy with the situation.",Positive,Satisfied,Examination
1718,2026-06-05,ECE,4,I am worried because the cafeteria has limited variety. Students need better support in this area.,Negative,Angry,Cafeteria
1752,2026-02-04,CSE,7,"From my experience, the food variety is acceptable.",Neutral,Neutral,Cafeteria
1051,2026-08-08,MECH,4,"From my experience, the campus infrastructure is modern. This is helpful for students.",Positive,Satisfied,Infrastructure
1202,2026-08-07,AIDS,4,"I am happy that the placement team provides good guidance. Overall, I am happy with the situation.",Positive,Happy,Placement
276,2026-07-22,ECE,1,I observed that the faculty members are available during office hours.,Neutral,Neutral,Faculty
345,2026-01-17,ECE,4,I really appreciate that the subjects are interesting. This has improved my college experience.,Positive,Happy,Courses
1777,2026-02-19,CIVIL,1,"From my experience, the cafeteria service is normal. I do not have a strong opinion about it.",Neutral,Neutral,Cafeteria
1217,2026-09-20,EEE,5,I feel happy because the placement training is very useful.,Positive,Happy,Placement
711,2026-01-19,MECH,3,"In my opinion, the study space is acceptable. I do not have a strong opinion about it.",Neutral,Neutral,Library
343,2026-03-11,CSE,7,"Overall, the syllabus provides useful practical knowledge. I appreciate the effort taken by the college.",Positive,Happy,Courses
1197,2026-03-09,AIDS,2,"Currently, the classroom facilities are adequate. I do not have a strong opinion about it.",Neutral,Neutral,Infrastructure
483,2026-07-03,EEE,5,I am satisfied because the laboratory equipment is modern. This has improved my college experience.,Positive,Happy,Laboratory
887,2026-07-25,CIVIL,4,I observed that the accommodation is acceptable. This is the current situation.,Neutral,Neutral,Hostel
333,2026-03-31,IT,3,I really appreciate that the subjects are interesting. This is helpful for students.,Positive,Happy,Courses
1166,2026-07-06,IT,3,The current situation is that the campus infrastructure is average. This is the current situation.,Neutral,Neutral,Infrastructure
125,2026-06-16,CIVIL,1,"Overall, the teaching follows the department plan.",Neutral,Neutral,Teaching
544,2026-07-06,IT,1,I am disappointed because the laboratory facilities need improvement. This is affecting the student experience.,Negative,Disappointed,Laboratory
1125,2026-04-01,ECE,3,"As a student, I am concerned that the infrastructure is not maintained properly. This should be improved soon.",Negative,Disappointed,Infrastructure
50,2026-06-06,CIVIL,4,I feel positive about the fact that the lecturer gives useful examples. This has improved my college experience.,Positive,Happy,Teaching
1212,2026-05-10,CIVIL,6,I am happy that the career guidance sessions are helpful. I appreciate the effort taken by the college.,Positive,Happy,Placement
427,2026-05-16,MECH,5,I observed that the syllabus covers the required topics. I do not have a strong opinion about it.,Neutral,Neutral,Courses
701,2026-01-19,AIDS,5,"Generally, the library facilities are normal. This is the current situation.",Neutral,Neutral,Library
1161,2026-09-05,MECH,7,"From my experience, the infrastructure meets basic requirements. I do not have a strong opinion about it.",Neutral,Neutral,Infrastructure
1778,2026-01-11,IT,6,"From my experience, the cafeteria is normally maintained. This is acceptable for now.",Neutral,Neutral,Cafeteria
893,2026-07-31,ECE,5,I observed that the hostel services are satisfactory. This is acceptable for now.,Neutral,Neutral,Hostel
1165,2026-02-14,IT,5,I observed that the WiFi works normally. This is acceptable for now.,Neutral,Neutral,Infrastructure
1512,2026-02-09,AIDS,3,I am happy that students receive useful scholarship guidance. This has improved my college experience.,Positive,Happy,Scholarship
1788,2026-02-03,CSE,4,I observed that the cafeteria is normally maintained. This is the current situation.,Neutral,Neutral,Cafeteria
1209,2026-07-16,AIDS,2,"I am pleased that the placement process is well organized. Overall, I am happy with the situation.",Positive,Satisfied,Placement
1766,2026-08-26,ECE,6,"In my opinion, the cafeteria follows the regular schedule. I do not have a strong opinion about it.",Neutral,Neutral,Cafeteria
234,2026-03-08,CIVIL,6,I feel that teachers do not listen to student concerns is a serious problem. This is affecting the student experience.,Negative,Anxious,Faculty
79,2026-03-25,ECE,2,This makes me angry because the professor does not answer student questions properly.,Negative,Angry,Teaching
882,2026-06-09,IT,2,"Currently, the rooms meet basic requirements. This is acceptable for now.",Neutral,Neutral,Hostel
615,2026-07-13,CSE,5,I feel happy because the reading environment is comfortable. I appreciate the effort taken by the college.,Positive,Happy,Library
415,2026-02-21,ECE,5,"For me, the syllabus covers the required topics. I do not have a strong opinion about it.",Neutral,Neutral,Courses
74,2026-07-21,IT,1,I am not satisfied because the lectures are not interesting.,Negative,Angry,Teaching
621,2026-08-26,MECH,1,I am pleased that the library facilities are excellent. This has improved my college experience.,Positive,Satisfied,Library
70,2026-08-01,AIDS,4,This has been disappointing because the professor rushes through important concepts. This is affecting the student experience.,Negative,Disappointed,Teaching
1608,2026-02-10,CIVIL,1,"Currently, the scholarship application follows the normal process. The current arrangement is reasonable.",Neutral,Neutral,Scholarship
1319,2026-06-30,ECE,2,"From my experience, the career support system is adequate. This is acceptable for now.",Neutral,Neutral,Placement
786,2026-02-02,CIVIL,4,"I am happy with the fact that the hostel facilities are good. Overall, I am happy with the situation.",Positive,Satisfied,Hostel
778,2026-04-01,IT,1,"I am pleased that the hostel facilities are good. Overall, I am happy with the situation.",Positive,Satisfied,Hostel
1755,2026-07-20,EEE,3,"Currently, the cafeteria is normally maintained.",Neutral,Neutral,Cafeteria
451,2026-04-26,MECH,4,"I really appreciate that the laboratory equipment is modern. Overall, I am happy with the situation.",Positive,Happy,Laboratory
846,2026-08-25,MECH,3,I am angry because the hostel environment is uncomfortable. I hope the college addresses this issue.,Negative,Angry,Hostel
845,2026-09-20,MECH,1,I am frustrated because the hostel environment is uncomfortable. I hope the college addresses this issue.,Negative,Disappointed,Hostel
868,2026-07-06,CSE,6,"From my experience, the hostel follows the regular schedule.",Neutral,Neutral,Hostel
850,2026-09-06,EEE,6,I feel frustrated because the hostel food is poor. I hope the college addresses this issue.,Negative,Frustrated,Hostel
1263,2026-02-10,MECH,2,I am frustrated because students need better career guidance. This is affecting the student experience.,Negative,Frustrated,Placement
77,2026-01-27,ECE,4,This frustrates me because the classes are difficult to follow. Students need better support in this area.,Negative,Frustrated,Teaching
1506,2026-06-19,AIDS,1,"As a student, I am happy that the scholarship application process is simple. I appreciate the effort taken by the college.",Positive,Happy,Scholarship
938,2026-01-11,CIVIL,4,I really enjoy that the transport service is reliable.,Positive,Happy,Transport
1522,2026-02-23,AIDS,6,I feel happy because students receive timely information. This is helpful for students.,Positive,Happy,Scholarship
1287,2026-02-19,AIDS,4,This makes me angry because the number of companies is too low. Students need better support in this area.,Negative,Angry,Placement
781,2026-01-19,ECE,1,I am pleased that the hostel facilities are good.,Positive,Satisfied,Hostel
1363,2026-06-25,CIVIL,2,I am happy with the fact that the evaluation process is transparent. This is helpful for students.,Positive,Satisfied,Examination
1327,2026-07-16,CSE,1,"Currently, companies visit the campus regularly. This is the current situation.",Neutral,Neutral,Placement
702,2026-02-03,ECE,8,"In general, the required books are generally available. I do not have a strong opinion about it.",Neutral,Neutral,Library
1240,2026-08-07,MECH,5,I am happy that the companies offer relevant opportunities. This is helpful for students.,Positive,Satisfied,Placement
706,2026-04-30,MECH,5,I observed that the digital library is available. The current arrangement is reasonable.,Neutral,Neutral,Library
1321,2026-04-06,ECE,4,"From my experience, the current placement opportunities are reasonable. I do not have a strong opinion about it.",Neutral,Neutral,Placement
31,2026-04-20,CIVIL,7,I really enjoy that the professor explains difficult topics well. I appreciate the effort taken by the college.,Positive,Happy,Teaching
1320,2026-07-29,ECE,6,The current situation is that the training is available for students. This is the current situation.,Neutral,Neutral,Placement
1465,2026-08-16,IT,3,"Currently, the examination process is normal. I do not have a strong opinion about it.",Neutral,Neutral,Examination
1636,2026-01-09,IT,7,The current situation is that the current procedure is acceptable. This is the current situation.,Neutral,Neutral,Scholarship
368,2026-07-16,ECE,7,I am unhappy because the course material is confusing.,Negative,Frustrated,Courses
409,2026-01-16,CIVIL,5,"Currently, the curriculum is acceptable. This is acceptable for now.",Neutral,Neutral,Courses
1030,2026-06-21,CIVIL,5,I observed that the transport service is normal. The current arrangement is reasonable.,Neutral,Neutral,Transport
1396,2026-01-20,CIVIL,2,I really enjoy that the exam arrangements are good.,Positive,Happy,Examination
1413,2026-08-09,MECH,7,I feel disappointed that the evaluation system is unclear. This should be improved soon.,Negative,Disappointed,Examination
100,2026-02-08,CSE,1,I am frustrated because the classes are difficult to follow. Students need better support in this area.,Negative,Frustrated,Teaching
1145,2026-07-06,CIVIL,3,"As a student, I am concerned that the learning environment is uncomfortable. I hope the college addresses this issue.",Negative,Angry,Infrastructure
1109,2026-05-06,EEE,3,This has been disappointing because the classrooms need better equipment. This should be improved soon.,Negative,Disappointed,Infrastructure
1638,2026-03-23,CIVIL,2,"In general, the application process is normal. The current arrangement is reasonable.",Neutral,Neutral,Scholarship
1090,2026-04-21,EEE,1,I am happy that the campus has good learning facilities. This is helpful for students.,Positive,Happy,Infrastructure
856,2026-04-11,AIDS,1,"At present, the hostel rooms are acceptable.",Neutral,Neutral,Hostel
788,2026-03-28,MECH,6,I am happy that the rooms are spacious and clean. I appreciate the effort taken by the college.,Positive,Happy,Hostel
169,2026-05-29,AIDS,7,I am happy with the fact that teachers are willing to help outside class. I appreciate the effort taken by the college.,Positive,Satisfied,Faculty
943,2026-03-21,EEE,2,"I really enjoy that the buses are well maintained. Overall, I am happy with the situation.",Positive,Happy,Transport
213,2026-08-11,ECE,1,I feel disappointed that teachers do not listen to student concerns. Students need better support in this area.,Negative,Disappointed,Faculty
1545,2026-02-16,ECE,3,I really enjoy that the college provides good scholarship guidance.,Positive,Happy,Scholarship
1044,2026-09-04,MECH,6,I observed that the bus service is average. This is acceptable for now.,Neutral,Neutral,Transport
1728,2026-07-11,CIVIL,2,I strongly feel that the cafeteria service is slow. Students need better support in this area.,Negative,Frustrated,Cafeteria
481,2026-03-31,CIVIL,1,I am satisfied because the lab sessions are well organized.,Positive,Satisfied,Laboratory
1594,2026-07-24,MECH,8,"Overall, the scholarship process is complicated. I hope the college addresses this issue.",Negative,Anxious,Scholarship
1441,2026-06-21,EEE,6,This makes me angry because the exam arrangements are poor. I hope the college addresses this issue.,Negative,Angry,Examination
1747,2026-01-22,MECH,8,This makes me anxious because the cafeteria environment is uncomfortable. This is affecting the student experience.,Negative,Anxious,Cafeteria
33,2026-01-30,IT,1,"I am pleased that the lectures are interesting and informative. Overall, I am happy with the situation.",Positive,Satisfied,Teaching
918,2026-04-21,CIVIL,5,I am happy that the bus service makes travel easier. This is helpful for students.,Positive,Happy,Transport
1164,2026-08-17,CIVIL,6,"From my experience, the WiFi works normally.",Neutral,Neutral,Infrastructure
421,2026-05-12,CIVIL,2,I observed that the curriculum is acceptable. This is the current situation.,Neutral,Neutral,Courses
1443,2026-09-19,MECH,6,I am frustrated because the exam arrangements are not convenient. I hope the college addresses this issue.,Negative,Frustrated,Examination
1188,2026-07-21,CSE,5,I observed that the campus facilities are normal. The current arrangement is reasonable.,Neutral,Neutral,Infrastructure
1305,2026-05-14,MECH,1,I observed that the placement process follows the normal schedule. I do not have a strong opinion about it.,Neutral,Neutral,Placement
904,2026-07-05,CIVIL,2,I really enjoy that the college bus service is convenient. This has improved my college experience.,Positive,Happy,Transport
186,2026-04-20,ECE,8,"I am pleased that the faculty is cooperative. Overall, I am happy with the situation.",Positive,Satisfied,Faculty
963,2026-04-13,CSE,8,I am unhappy because the bus routes are inconvenient. This should be improved soon.,Negative,Frustrated,Transport
1541,2026-08-22,IT,7,I feel positive about the fact that students receive timely information. This is helpful for students.,Positive,Happy,Scholarship
271,2026-03-10,EEE,3,I observed that faculty interaction is normal. This is acceptable for now.,Neutral,Neutral,Faculty
45,2026-03-17,EEE,3,My experience has been good because the teaching methods are effective. This is helpful for students.,Positive,Happy,Teaching
372,2026-06-12,CSE,7,I am frustrated because the subjects have too much theoretical content. I hope the college addresses this issue.,Negative,Frustrated,Courses
584,2026-02-08,IT,3,"Currently, the laboratory is available for practical sessions. This is the current situation.",Neutral,Neutral,Laboratory
942,2026-08-11,MECH,7,"My experience has been good because the buses are well maintained. Overall, I am happy with the situation.",Positive,Satisfied,Transport
819,2026-02-25,CSE,5,I am worried because the hostel facilities need improvement.,Negative,Disappointed,Hostel
197,2026-05-27,CIVIL,8,I am satisfied because the professors are approachable.,Positive,Satisfied,Faculty
899,2026-03-04,CIVIL,6,"Currently, the hostel services are satisfactory. The current arrangement is reasonable.",Neutral,Neutral,Hostel
1008,2026-02-21,CSE,3,I observed that the transport service is normal. This is the current situation.,Neutral,Neutral,Transport
238,2026-08-23,CSE,4,I feel disappointed that some professors are not helpful. Students need better support in this area.,Negative,Disappointed,Faculty
60,2026-05-26,IT,6,I am unhappy because the lecturer does not give enough examples.,Negative,Disappointed,Teaching
1227,2026-07-21,MECH,4,"I am satisfied because many companies visit the campus. Overall, I am happy with the situation.",Positive,Satisfied,Placement
399,2026-05-14,CIVIL,3,This has been disappointing because the syllabus contains too many topics. I hope the college addresses this issue.,Negative,Disappointed,Courses
989,2026-08-23,CSE,2,I am angry because the transport service causes delays. This is affecting the student experience.,Negative,Angry,Transport
1470,2026-04-11,ECE,8,"From my experience, the examination process is normal. This is acceptable for now.",Neutral,Neutral,Examination
366,2026-02-05,IT,1,I am unhappy because some subjects contain outdated content. This should be improved soon.,Negative,Disappointed,Courses
1561,2026-01-21,AIDS,8,I feel disappointed that students do not receive enough guidance. I hope the college addresses this issue.,Negative,Disappointed,Scholarship
308,2026-01-17,CSE,6,I am pleased that the curriculum is well designed. This is helpful for students.,Positive,Happy,Courses
1453,2026-03-27,AIDS,3,"At present, the exams follow the academic schedule.",Neutral,Neutral,Examination
1273,2026-01-05,CSE,2,I am disappointed because students need better career guidance. Students need better support in this area.,Negative,Frustrated,Placement
124,2026-02-20,CIVIL,2,"In general, the lectures follow the timetable. I do not have a strong opinion about it.",Neutral,Neutral,Teaching
772,2026-03-15,IT,7,I am pleased that the hostel environment is comfortable.,Positive,Satisfied,Hostel
255,2026-09-03,ECE,5,"In my opinion, teachers provide the required information. This is the current situation.",Neutral,Neutral,Faculty
306,2026-02-12,EEE,7,"I am satisfied because the course structure is easy to follow. Overall, I am happy with the situation.",Positive,Satisfied,Courses
1023,2026-03-07,ECE,4,I observed that the college buses are available as scheduled.,Neutral,Neutral,Transport
683,2026-04-15,AIDS,3,I am disappointed because the library does not have enough books. This should be improved soon.,Negative,Anxious,Library
1117,2026-07-17,IT,3,I am frustrated because the learning environment is uncomfortable.,Negative,Frustrated,Infrastructure
1552,2026-07-23,AIDS,4,This makes me anxious because students do not receive enough guidance.,Negative,Anxious,Scholarship
1637,2026-06-20,MECH,2,"In my opinion, the scholarship information is available. This is the current situation.",Neutral,Neutral,Scholarship
1369,2026-04-23,AIDS,8,I am happy that the examination system is convenient. This has improved my college experience.,Positive,Happy,Examination
1475,2026-04-23,AIDS,5,"From my experience, the current exam system is acceptable.",Neutral,Neutral,Examination
1180,2026-07-01,CIVIL,8,"From my experience, the facilities are reasonably maintained. I do not have a strong opinion about it.",Neutral,Neutral,Infrastructure
1780,2026-07-21,CSE,2,"Currently, the food quality is adequate. This is the current situation.",Neutral,Neutral,Cafeteria
298,2026-03-28,MECH,6,"In my opinion, teachers provide the required information. I do not have a strong opinion about it.",Neutral,Neutral,Faculty
1014,2026-08-20,ECE,4,"For me, the bus service is average. This is the current situation.",Neutral,Neutral,Transport
367,2026-03-19,EEE,8,This makes me angry because the workload creates unnecessary pressure. This should be improved soon.,Negative,Angry,Courses
1437,2026-04-27,AIDS,5,I am disappointed because the examination process is stressful. Students need better support in this area.,Negative,Disappointed,Examination
1548,2026-02-21,EEE,7,I am satisfied because students receive useful scholarship guidance. This has improved my college experience.,Positive,Satisfied,Scholarship
1760,2026-02-07,AIDS,8,"Overall, the cafeteria facilities are normal. The current arrangement is reasonable.",Neutral,Neutral,Cafeteria
352,2026-02-18,CSE,7,I am concerned because the syllabus contains too many topics. Students need better support in this area.,Negative,Anxious,Courses
68,2026-05-20,ECE,6,I feel disappointed that the classes are difficult to follow. This should be improved soon.,Negative,Disappointed,Teaching
1081,2026-08-23,EEE,3,I feel happy because the classrooms have useful equipment. I appreciate the effort taken by the college.,Positive,Happy,Infrastructure
1612,2026-02-07,CSE,8,I observed that the scholarship information is adequate. This is the current situation.,Neutral,Neutral,Scholarship
746,2026-08-19,EEE,6,"From my experience, the library facilities are normal. The current arrangement is reasonable.",Neutral,Neutral,Library
1269,2026-05-13,EEE,5,This frustrates me because students do not receive enough interview training. This is affecting the student experience.,Negative,Frustrated,Placement
1736,2026-04-12,ECE,7,I am angry because the food prices are too high. This is affecting the student experience.,Negative,Angry,Cafeteria
395,2026-03-11,CIVIL,2,I am disappointed because the syllabus contains too many topics. This should be improved soon.,Negative,Disappointed,Courses
734,2026-06-25,IT,4,"At present, the library facilities are normal. The current arrangement is reasonable.",Neutral,Neutral,Library
814,2026-07-07,CSE,2,I feel worried because the hostel facilities are insufficient. I hope the college addresses this issue.,Negative,Anxious,Hostel
1351,2026-09-02,MECH,5,I feel happy because the examination process is well organized. This is helpful for students.,Positive,Happy,Examination
304,2026-07-27,EEE,4,I am happy that the subjects improve our knowledge. This has improved my college experience.,Positive,Satisfied,Courses
594,2026-05-19,CIVIL,4,"Currently, the laboratory equipment is average.",Neutral,Neutral,Laboratory
1380,2026-04-25,MECH,3,"I really enjoy that the exams are conducted properly. Overall, I am happy with the situation.",Positive,Happy,Examination
1425,2026-01-23,CSE,4,"As a student, I am concerned that the examination process creates unnecessary stress. This is affecting the student experience.",Negative,Frustrated,Examination
1498,2026-02-11,AIDS,7,The current situation is that the examination schedule is standard. The current arrangement is reasonable.,Neutral,Neutral,Examination
317,2026-05-05,IT,3,I really enjoy that the course structure is easy to follow.,Positive,Happy,Courses
1532,2026-01-28,EEE,5,I am satisfied because the scholarship information is easy to understand. This has improved my college experience.,Positive,Happy,Scholarship
755,2026-03-09,IT,5,I really enjoy that the hostel facilities are good. This has improved my college experience.,Positive,Happy,Hostel
644,2026-03-27,CIVIL,3,I have had a good experience because the library is quiet and comfortable.,Positive,Satisfied,Library
535,2026-02-04,ECE,2,I am disappointed because the practical classes are difficult because of equipment problems. I hope the college addresses this issue.,Negative,Disappointed,Laboratory
756,2026-03-31,IT,3,I am satisfied because the hostel staff are helpful. This is helpful for students.,Positive,Satisfied,Hostel
262,2026-04-29,IT,1,I observed that faculty members are available when required. The current arrangement is reasonable.,Neutral,Neutral,Faculty
1085,2026-07-15,ECE,7,I feel happy because the campus environment is comfortable. I appreciate the effort taken by the college.,Positive,Happy,Infrastructure
241,2026-05-28,AIDS,7,I am frustrated because faculty support is poor. I hope the college addresses this issue.,Negative,Frustrated,Faculty
671,2026-01-10,ECE,6,I am concerned because the library environment is uncomfortable. This should be improved soon.,Negative,Anxious,Library
299,2026-01-31,IT,1,"In my opinion, the professors follow the department schedule. This is acceptable for now.",Neutral,Neutral,Faculty
1111,2026-08-14,EEE,7,I feel worried because the classrooms are uncomfortable. This is affecting the student experience.,Negative,Anxious,Infrastructure
967,2026-05-17,CSE,2,I feel that the buses are uncomfortable is a serious problem.,Negative,Anxious,Transport
847,2026-07-02,AIDS,5,I am very unhappy that the rooms require better maintenance. This is affecting the student experience.,Negative,Angry,Hostel
433,2026-02-01,CSE,2,"From my experience, the course material is available. The current arrangement is reasonable.",Neutral,Neutral,Courses
72,2026-04-23,EEE,4,"As a student, I am concerned that the professor does not answer student questions properly. Students need better support in this area.",Negative,Anxious,Teaching
382,2026-07-08,CSE,5,This makes me anxious because the course material is not updated regularly. This should be improved soon.,Negative,Anxious,Courses
260,2026-02-21,MECH,3,"Currently, the faculty members are available during office hours. I do not have a strong opinion about it.",Neutral,Neutral,Faculty
52,2026-06-19,AIDS,2,I am concerned because the classes are difficult to follow. Students need better support in this area.,Negative,Anxious,Teaching
375,2026-08-05,MECH,7,This makes me anxious because the course material is not updated regularly. This is affecting the student experience.,Negative,Anxious,Courses
340,2026-07-11,MECH,3,"I am happy that the subjects improve our knowledge. Overall, I am happy with the situation.",Positive,Happy,Courses
533,2026-07-31,MECH,3,I feel that the practical sessions are poorly organized is a serious problem. This should be improved soon.,Negative,Angry,Laboratory
1222,2026-07-02,CSE,5,I am satisfied because the placement team provides good guidance.,Positive,Satisfied,Placement
1315,2026-08-28,MECH,8,"Currently, career guidance is provided. This is the current situation.",Neutral,Neutral,Placement
1064,2026-01-05,CIVIL,5,"As a student, I am happy that the campus infrastructure is modern. This has improved my college experience.",Positive,Happy,Infrastructure
1738,2026-05-28,CIVIL,1,I feel disappointed that the food prices are too high. This is affecting the student experience.,Negative,Disappointed,Cafeteria
1743,2026-05-29,AIDS,4,This has been disappointing because the cafeteria food is poor.,Negative,Disappointed,Cafeteria
1056,2026-04-17,CSE,4,I am happy with the fact that the infrastructure supports student learning.,Positive,Satisfied,Infrastructure
1231,2026-03-13,EEE,8,"I am happy that the placement department provides good support. Overall, I am happy with the situation.",Positive,Satisfied,Placement
939,2026-03-03,ECE,8,"I am pleased that transport facilities are useful. Overall, I am happy with the situation.",Positive,Satisfied,Transport
1492,2026-04-29,EEE,6,I observed that the evaluation system is adequate. I do not have a strong opinion about it.,Neutral,Neutral,Examination
426,2026-08-11,CSE,1,"From my experience, the course workload is manageable. The current arrangement is reasonable.",Neutral,Neutral,Courses
463,2026-06-02,EEE,1,I feel happy because the lab sessions are well organized. I appreciate the effort taken by the college.,Positive,Happy,Laboratory
495,2026-08-22,ECE,6,"As a student, I am happy that the laboratory provides good hands-on experience. Overall, I am happy with the situation.",Positive,Satisfied,Laboratory
844,2026-09-04,IT,7,I feel frustrated because the food quality is not good. Students need better support in this area.,Negative,Frustrated,Hostel
1540,2026-07-03,ECE,3,"I am satisfied because students receive timely information. Overall, I am happy with the situation.",Positive,Satisfied,Scholarship
527,2026-01-09,EEE,2,I feel disappointed that the computers frequently stop working. I hope the college addresses this issue.,Negative,Disappointed,Laboratory
142,2026-02-20,MECH,6,I observed that the lectures follow the timetable. This is the current situation.,Neutral,Neutral,Teaching
1477,2026-09-05,CIVIL,8,"From my experience, the examination schedule is standard. This is acceptable for now.",Neutral,Neutral,Examination
618,2026-04-07,ECE,1,I am happy with the fact that the study area is clean and peaceful. I appreciate the effort taken by the college.,Positive,Satisfied,Library
1682,2026-04-17,MECH,2,I feel happy because the cafeteria food is good. This has improved my college experience.,Positive,Happy,Cafeteria
858,2026-04-13,CSE,6,"Currently, the hostel rooms are acceptable. The current arrangement is reasonable.",Neutral,Neutral,Hostel
434,2026-04-27,IT,1,"At present, the syllabus covers the required topics. The current arrangement is reasonable.",Neutral,Neutral,Courses
999,2026-09-01,IT,1,I am not satisfied because transport facilities need improvement. This should be improved soon.,Negative,Frustrated,Transport
272,2026-04-22,CIVIL,4,"Currently, teachers follow the normal academic process. I do not have a strong opinion about it.",Neutral,Neutral,Faculty
185,2026-09-27,AIDS,7,"I am pleased that the professors are friendly with students. Overall, I am happy with the situation.",Positive,Satisfied,Faculty
773,2026-08-17,AIDS,8,I feel happy because the hostel rooms are clean. This has improved my college experience.,Positive,Happy,Hostel
245,2026-06-17,IT,6,This has been disappointing because some teachers are not cooperative. This should be improved soon.,Negative,Disappointed,Faculty
1464,2026-04-10,AIDS,8,I observed that the timetable is available on time. The current arrangement is reasonable.,Neutral,Neutral,Examination
1069,2026-06-23,CSE,7,I feel happy because the college facilities are well maintained. This has improved my college experience.,Positive,Happy,Infrastructure
1461,2026-06-10,AIDS,6,"Currently, the timetable is available on time. The current arrangement is reasonable.",Neutral,Neutral,Examination
1400,2026-07-28,IT,2,"Overall, the exams are conducted properly. This has improved my college experience.",Positive,Happy,Examination
1488,2026-06-15,EEE,1,"Currently, the exams follow the academic schedule. This is the current situation.",Neutral,Neutral,Examination
1482,2026-06-30,CIVIL,2,"Currently, the examination process is normal. This is the current situation.",Neutral,Neutral,Examination
908,2026-02-03,ECE,7,I am pleased that the bus service makes travel easier. This is helpful for students.,Positive,Happy,Transport
603,2026-09-24,EEE,7,"From my experience, there are enough study spaces. This is helpful for students.",Positive,Satisfied,Library
1767,2026-05-06,CSE,4,"Currently, the food quality is adequate. This is acceptable for now.",Neutral,Neutral,Cafeteria
1309,2026-04-18,MECH,7,"Currently, the current placement opportunities are reasonable.",Neutral,Neutral,Placement
251,2026-02-01,MECH,3,"Currently, faculty support is average. I do not have a strong opinion about it.",Neutral,Neutral,Faculty
498,2026-09-10,CSE,7,"Overall, the practical classes improve our skills. Overall, I am happy with the situation.",Positive,Satisfied,Laboratory
1178,2026-01-05,MECH,3,I observed that the infrastructure is sufficient for regular use. This is the current situation.,Neutral,Neutral,Infrastructure
1291,2026-03-25,IT,7,I am very unhappy that very few companies visit the campus. This should be improved soon.,Negative,Angry,Placement
1377,2026-08-24,CIVIL,1,I feel positive about the fact that the examination system is convenient. This is helpful for students.,Positive,Satisfied,Examination
355,2026-07-08,EEE,8,This frustrates me because the syllabus is difficult to complete. I hope the college addresses this issue.,Negative,Frustrated,Courses
1054,2026-07-11,EEE,8,I really enjoy that the campus environment is comfortable. This is helpful for students.,Positive,Happy,Infrastructure
619,2026-02-22,ECE,5,"Overall, the digital library is very useful. Overall, I am happy with the situation.",Positive,Happy,Library
629,2026-06-23,CIVIL,1,I feel happy because the library facilities are excellent. This is helpful for students.,Positive,Happy,Library
1027,2026-08-18,ECE,1,"From my experience, the bus service is average. The current arrangement is reasonable.",Neutral,Neutral,Transport
1304,2026-05-03,MECH,4,"For me, the placement support is average. This is acceptable for now.",Neutral,Neutral,Placement
416,2026-06-12,CSE,6,"At present, the course follows the planned syllabus. I do not have a strong opinion about it.",Neutral,Neutral,Courses
998,2026-03-05,MECH,2,This frustrates me because the buses are often late. I hope the college addresses this issue.,Negative,Frustrated,Transport
171,2026-02-10,EEE,5,I really enjoy that the professors are approachable. This is helpful for students.,Positive,Happy,Faculty
1567,2026-02-21,EEE,2,I am frustrated because the scholarship process is complicated. This should be improved soon.,Negative,Frustrated,Scholarship
414,2026-01-12,CSE,3,"For me, the course content is average.",Neutral,Neutral,Courses
1422,2026-09-24,CSE,5,I am disappointed because students receive exam information too late. This should be improved soon.,Negative,Disappointed,Examination
301,2026-09-05,MECH,8,I really enjoy that the course content is useful.,Positive,Happy,Courses
1782,2026-05-03,MECH,5,I observed that the cafeteria service is normal.,Neutral,Neutral,Cafeteria
412,2026-07-03,IT,1,"Currently, the course follows the planned syllabus. This is the current situation.",Neutral,Neutral,Courses
766,2026-04-09,AIDS,1,I am pleased that the maintenance service is good. This has improved my college experience.,Positive,Satisfied,Hostel
1466,2026-08-10,EEE,5,"In general, the evaluation system is adequate. I do not have a strong opinion about it.",Neutral,Neutral,Examination
1735,2026-09-27,IT,7,I am frustrated because the service is poorly managed. I hope the college addresses this issue.,Negative,Frustrated,Cafeteria
1270,2026-01-21,ECE,5,I strongly feel that the number of companies is too low. This is affecting the student experience.,Negative,Angry,Placement
1275,2026-08-27,AIDS,2,This makes me anxious because very few companies visit the campus. Students need better support in this area.,Negative,Anxious,Placement
833,2026-01-29,IT,4,I am angry because the hostel environment is noisy. I hope the college addresses this issue.,Negative,Angry,Hostel
837,2026-08-01,CSE,2,This has been disappointing because the hostel facilities are insufficient. This is affecting the student experience.,Negative,Disappointed,Hostel
1104,2026-08-01,MECH,5,I feel worried because the infrastructure needs improvement. Students need better support in this area.,Negative,Anxious,Infrastructure
860,2026-01-08,IT,4,I observed that the accommodation is acceptable.,Neutral,Neutral,Hostel
568,2026-04-15,EEE,8,"Currently, the current lab arrangements are acceptable. I do not have a strong opinion about it.",Neutral,Neutral,Laboratory
176,2026-05-21,IT,1,I am pleased that teachers provide useful academic guidance. This has improved my college experience.,Positive,Satisfied,Faculty
1462,2026-08-13,CSE,3,"From my experience, the evaluation process follows the rules. I do not have a strong opinion about it.",Neutral,Neutral,Examination
678,2026-06-13,EEE,7,I am unhappy because there are not enough study spaces.,Negative,Anxious,Library
1395,2026-03-31,MECH,7,I really appreciate that the examination schedule is easy to understand.,Positive,Happy,Examination
335,2026-08-08,EEE,1,I really appreciate that the course structure is easy to follow. I appreciate the effort taken by the college.,Positive,Happy,Courses
760,2026-06-04,EEE,4,I really enjoy that the hostel facilities are good. I appreciate the effort taken by the college.,Positive,Happy,Hostel
638,2026-01-23,CIVIL,3,I feel happy because the library has many useful reference books.,Positive,Happy,Library
894,2026-05-03,AIDS,3,"Currently, the hostel follows the required rules. I do not have a strong opinion about it.",Neutral,Neutral,Hostel
1206,2026-04-19,ECE,8,I feel happy because the placement training is very useful. This has improved my college experience.,Positive,Happy,Placement
199,2026-06-04,AIDS,1,"I am pleased that teachers provide useful academic guidance. Overall, I am happy with the situation.",Positive,Satisfied,Faculty
16,2026-02-28,MECH,5,I am happy with the fact that the faculty makes difficult subjects easier to understand.,Positive,Satisfied,Teaching
266,2026-04-06,AIDS,6,"From my experience, faculty interaction is normal. This is the current situation.",Neutral,Neutral,Faculty
558,2026-09-19,ECE,3,"From my experience, the current lab arrangements are acceptable. The current arrangement is reasonable.",Neutral,Neutral,Laboratory
1034,2026-05-31,CIVIL,7,The current situation is that the buses follow the regular schedule.,Neutral,Neutral,Transport
817,2026-09-06,IT,2,I feel frustrated because the hostel environment is uncomfortable. This is affecting the student experience.,Negative,Frustrated,Hostel
1508,2026-06-06,ECE,7,I am pleased that the scholarship application process is simple. This is helpful for students.,Positive,Satisfied,Scholarship
742,2026-04-19,MECH,3,"From my experience, the required books are generally available. The current arrangement is reasonable.",Neutral,Neutral,Library
1393,2026-07-26,AIDS,1,I am happy with the fact that the examination system is convenient. This has improved my college experience.,Positive,Satisfied,Examination
479,2026-02-15,AIDS,8,I am satisfied because the lab facilities are excellent.,Positive,Satisfied,Laboratory
1006,2026-05-02,EEE,7,I observed that the transport system meets basic requirements. The current arrangement is reasonable.,Neutral,Neutral,Transport
417,2026-03-07,CSE,1,"Currently, the subjects are reasonably structured. This is the current situation.",Neutral,Neutral,Courses
200,2026-02-02,AIDS,8,I am happy with the fact that faculty members respond quickly to doubts. I appreciate the effort taken by the college.,Positive,Satisfied,Faculty
728,2026-02-19,EEE,5,"Currently, the library facilities are normal. I do not have a strong opinion about it.",Neutral,Neutral,Library
994,2026-06-22,CIVIL,7,This has been disappointing because the transport service causes delays. This is affecting the student experience.,Negative,Disappointed,Transport
1723,2026-03-12,CIVIL,6,"As a student, I am concerned that the cafeteria has limited variety. This is affecting the student experience.",Negative,Disappointed,Cafeteria
1152,2026-04-10,MECH,7,"From my experience, the internet service is acceptable. This is the current situation.",Neutral,Neutral,Infrastructure
1493,2026-02-12,AIDS,3,"From my experience, the evaluation system is adequate. This is acceptable for now.",Neutral,Neutral,Examination
1450,2026-06-10,AIDS,2,I am very unhappy that students receive exam information too late. I hope the college addresses this issue.,Negative,Angry,Examination
1173,2026-08-11,EEE,1,I observed that the classrooms follow the standard facilities. This is the current situation.,Neutral,Neutral,Infrastructure
1118,2026-09-08,MECH,6,I feel that the campus facilities are poorly maintained is a serious problem. Students need better support in this area.,Negative,Disappointed,Infrastructure
1569,2026-06-05,IT,4,I strongly feel that scholarship updates are not communicated properly. I hope the college addresses this issue.,Negative,Frustrated,Scholarship
600,2026-03-16,CIVIL,3,"From my experience, the lab environment is normal. I do not have a strong opinion about it.",Neutral,Neutral,Laboratory
1386,2026-08-26,EEE,7,I am happy with the fact that the examination schedule is easy to understand.,Positive,Satisfied,Examination
931,2026-03-05,ECE,2,"I am happy with the fact that the transport facilities are comfortable. Overall, I am happy with the situation.",Positive,Satisfied,Transport
311,2026-02-08,ECE,7,"I am pleased that the subjects are interesting. Overall, I am happy with the situation.",Positive,Satisfied,Courses
57,2026-03-07,CSE,7,I am concerned because the faculty needs to improve the teaching methods. Students need better support in this area.,Negative,Anxious,Teaching
549,2026-02-09,IT,5,I am very unhappy that the practical sessions are poorly organized. I hope the college addresses this issue.,Negative,Angry,Laboratory
423,2026-04-26,CSE,8,I observed that the subject content is adequate. I do not have a strong opinion about it.,Neutral,Neutral,Courses
597,2026-05-11,EEE,2,"Overall, the practical classes follow the schedule. This is acceptable for now.",Neutral,Neutral,Laboratory
44,2026-01-05,AIDS,2,"As a student, I am happy that the classes are easy to understand. I appreciate the effort taken by the college.",Positive,Happy,Teaching
101,2026-01-17,CSE,5,"In my opinion, the classes are conducted regularly. This is the current situation.",Neutral,Neutral,Teaching
275,2026-09-19,EEE,1,"In my opinion, faculty interaction is normal.",Neutral,Neutral,Faculty
1259,2026-05-04,ECE,2,This makes me angry because the placement department provides little support.,Negative,Angry,Placement
354,2026-08-01,EEE,8,This has been disappointing because the course material is confusing. I hope the college addresses this issue.,Negative,Disappointed,Courses
102,2026-04-12,EEE,2,I observed that the teaching quality is acceptable. This is the current situation.,Neutral,Neutral,Teaching
975,2026-03-26,EEE,1,I feel frustrated because the college buses are overcrowded. This is affecting the student experience.,Negative,Frustrated,Transport
108,2026-02-23,CIVIL,3,"From my experience, the professor covers the required topics. This is the current situation.",Neutral,Neutral,Teaching
1731,2026-09-23,CSE,2,This makes me anxious because the cafeteria service is slow. This should be improved soon.,Negative,Anxious,Cafeteria
1781,2026-09-11,AIDS,7,I observed that the food variety is acceptable. This is the current situation.,Neutral,Neutral,Cafeteria
839,2026-03-31,IT,8,I feel frustrated because the hostel facilities need improvement. This is affecting the student experience.,Negative,Frustrated,Hostel
1245,2026-08-31,CSE,2,I am satisfied because the career guidance sessions are helpful. This has improved my college experience.,Positive,Satisfied,Placement
694,2026-08-03,ECE,5,This makes me angry because there are not enough study spaces.,Negative,Angry,Library
586,2026-04-16,CSE,4,I observed that the lab environment is normal. This is the current situation.,Neutral,Neutral,Laboratory
1629,2026-09-07,CSE,5,"Overall, the scholarship information is adequate. I do not have a strong opinion about it.",Neutral,Neutral,Scholarship
979,2026-06-21,EEE,3,I am frustrated because the transport service causes delays.,Negative,Angry,Transport
1170,2026-08-05,AIDS,5,"Currently, the classrooms follow the standard facilities. The current arrangement is reasonable.",Neutral,Neutral,Infrastructure
129,2026-06-03,MECH,7,"From my experience, the teaching quality is acceptable. The current arrangement is reasonable.",Neutral,Neutral,Teaching
1271,2026-07-07,IT,6,I am unhappy because the placement opportunities are not diverse. This is affecting the student experience.,Negative,Disappointed,Placement
454,2026-09-24,CIVIL,7,I am pleased that the laboratory environment is good. This has improved my college experience.,Positive,Satisfied,Laboratory
428,2026-09-09,CSE,1,"From my experience, the curriculum is acceptable. The current arrangement is reasonable.",Neutral,Neutral,Courses
1684,2026-02-06,CSE,5,I am satisfied because the cafeteria environment is comfortable. This has improved my college experience.,Positive,Satisfied,Cafeteria
1059,2026-08-07,EEE,8,I feel happy because the campus infrastructure is modern. This has improved my college experience.,Positive,Happy,Infrastructure
866,2026-07-08,CSE,1,I observed that the hostel services are satisfactory. I do not have a strong opinion about it.,Neutral,Neutral,Hostel
1387,2026-07-19,AIDS,5,I am happy that the examination system is convenient. This is helpful for students.,Positive,Happy,Examination
941,2026-05-18,IT,7,I really enjoy that the buses are usually on time. I appreciate the effort taken by the college.,Positive,Happy,Transport
1232,2026-01-23,AIDS,5,I am satisfied because the placement training is very useful.,Positive,Satisfied,Placement
1121,2026-02-11,IT,4,"As a student, I am concerned that the WiFi connection is very poor. This is affecting the student experience.",Negative,Frustrated,Infrastructure
610,2026-06-08,ECE,8,I am happy with the fact that the study area is clean and peaceful. This is helpful for students.,Positive,Satisfied,Library
1404,2026-06-19,AIDS,4,I am frustrated because the exam timetable was announced late. Students need better support in this area.,Negative,Frustrated,Examination
1382,2026-08-16,EEE,1,I am happy that the exams are conducted properly. This is helpful for students.,Positive,Happy,Examination
1058,2026-06-01,EEE,6,I am satisfied because the campus has good learning facilities.,Positive,Satisfied,Infrastructure
708,2026-01-06,MECH,4,"Currently, the library follows the regular schedule. This is acceptable for now.",Neutral,Neutral,Library
917,2026-05-17,ECE,8,"I am happy that the transport facilities are comfortable. Overall, I am happy with the situation.",Positive,Happy,Transport
995,2026-08-19,MECH,8,I am not satisfied because the buses are uncomfortable. This is affecting the student experience.,Negative,Angry,Transport
406,2026-09-03,AIDS,2,"From my experience, the course workload is manageable. I do not have a strong opinion about it.",Neutral,Neutral,Courses
1392,2026-09-17,CIVIL,5,I am satisfied because the exam arrangements are good. This is helpful for students.,Positive,Satisfied,Examination
1491,2026-07-10,CIVIL,2,"From my experience, the examination procedure is normal. I do not have a strong opinion about it.",Neutral,Neutral,Examination
1795,2026-08-07,ECE,6,"From my experience, the cafeteria facilities are normal. This is acceptable for now.",Neutral,Neutral,Cafeteria
576,2026-01-01,CSE,2,"For me, the current lab arrangements are acceptable. This is acceptable for now.",Neutral,Neutral,Laboratory
480,2026-05-12,MECH,4,I am happy that the laboratory computers work well.,Positive,Happy,Laboratory
465,2026-06-10,MECH,1,"I feel happy because the laboratory computers work well. Overall, I am happy with the situation.",Positive,Happy,Laboratory
227,2026-02-10,ECE,4,This makes me angry because teachers do not listen to student concerns. I hope the college addresses this issue.,Negative,Angry,Faculty
232,2026-08-21,AIDS,1,"As a student, I am concerned that some teachers are not cooperative. I hope the college addresses this issue.",Negative,Angry,Faculty
744,2026-03-15,MECH,8,"Currently, the library follows normal working hours.",Neutral,Neutral,Library
1572,2026-06-16,CSE,2,I feel worried because students face delays in the scholarship process.,Negative,Anxious,Scholarship
585,2026-04-04,MECH,4,"Currently, the lab environment is normal. This is the current situation.",Neutral,Neutral,Laboratory
164,2026-09-07,IT,5,I am happy that faculty members respond quickly to doubts. This has improved my college experience.,Positive,Happy,Faculty
680,2026-05-17,IT,4,I strongly feel that there are not enough study spaces. Students need better support in this area.,Negative,Frustrated,Library
800,2026-01-28,EEE,3,I feel happy because the hostel provides useful facilities. I appreciate the effort taken by the college.,Positive,Happy,Hostel
267,2026-04-05,CSE,8,"Currently, professor interaction is acceptable.",Neutral,Neutral,Faculty
149,2026-05-21,IT,6,I observed that the professor covers the required topics. This is acceptable for now.,Neutral,Neutral,Teaching
1378,2026-06-20,IT,2,I feel happy because the exam timetable is clearly communicated.,Positive,Happy,Examination
985,2026-04-09,CIVIL,6,This makes me angry because there are not enough buses. Students need better support in this area.,Negative,Angry,Transport
589,2026-09-27,CIVIL,7,"From my experience, the practical classes follow the schedule.",Neutral,Neutral,Laboratory
1582,2026-06-12,IT,7,I am concerned because scholarship updates are not communicated properly.,Negative,Anxious,Scholarship
1419,2026-04-16,EEE,6,I am frustrated because the examination process creates unnecessary stress. I hope the college addresses this issue.,Negative,Frustrated,Examination
307,2026-04-19,CIVIL,8,"Overall, the subjects improve our knowledge. Overall, I am happy with the situation.",Positive,Happy,Courses
193,2026-09-22,CIVIL,2,"As a student, I am happy that the faculty members are supportive.",Positive,Satisfied,Faculty
953,2026-08-05,AIDS,2,I am unhappy because the bus service is unreliable. This is affecting the student experience.,Negative,Anxious,Transport
310,2026-06-19,EEE,3,I really enjoy that the subjects help students develop useful skills. This is helpful for students.,Positive,Happy,Courses
1799,2026-04-08,CSE,3,"From my experience, the food quality is adequate. This is the current situation.",Neutral,Neutral,Cafeteria
64,2026-01-26,IT,4,I am not satisfied because the lecturer does not give enough examples. This is affecting the student experience.,Negative,Angry,Teaching
1649,2026-09-22,AIDS,3,I observed that students receive basic scholarship information. The current arrangement is reasonable.,Neutral,Neutral,Scholarship
1791,2026-04-09,EEE,4,"At present, the food variety is acceptable. This is the current situation.",Neutral,Neutral,Cafeteria
1365,2026-03-25,ECE,8,"As a student, I am happy that the examination system is convenient. This has improved my college experience.",Positive,Satisfied,Examination
487,2026-09-07,AIDS,7,I am satisfied because the laboratory environment is good. I appreciate the effort taken by the college.,Positive,Happy,Laboratory
753,2026-05-14,AIDS,8,I feel happy because the hostel staff are helpful. This has improved my college experience.,Positive,Happy,Hostel
1019,2026-01-05,CSE,1,I observed that the transport service is normal. I do not have a strong opinion about it.,Neutral,Neutral,Transport
1138,2026-07-17,ECE,4,My experience has been difficult because the internet connection frequently fails.,Negative,Disappointed,Infrastructure
1344,2026-02-13,ECE,7,I observed that the placement process is normal. The current arrangement is reasonable.,Neutral,Neutral,Placement
1211,2026-06-04,MECH,8,My experience has been good because the placement department provides good support. This has improved my college experience.,Positive,Happy,Placement
1517,2026-08-06,CSE,4,I feel positive about the fact that students receive useful scholarship guidance. This has improved my college experience.,Positive,Happy,Scholarship
1313,2026-04-22,AIDS,6,"From my experience, the placement process is normal.",Neutral,Neutral,Placement
1053,2026-04-18,MECH,2,My experience has been good because the college facilities are well maintained. I appreciate the effort taken by the college.,Positive,Happy,Infrastructure
1588,2026-08-30,MECH,4,I am disappointed because the application process takes too long. This should be improved soon.,Negative,Disappointed,Scholarship
809,2026-01-09,EEE,5,I am angry because the hostel is not properly maintained.,Negative,Angry,Hostel
219,2026-03-04,CSE,2,My experience has been difficult because faculty members rarely respond to doubts. This should be improved soon.,Negative,Anxious,Faculty
1658,2026-07-11,CIVIL,5,I really enjoy that the food quality is satisfactory. I appreciate the effort taken by the college.,Positive,Happy,Cafeteria
287,2026-09-26,ECE,7,"From my experience, faculty communication is adequate. I do not have a strong opinion about it.",Neutral,Neutral,Faculty
1362,2026-06-19,EEE,7,I feel happy because the examination rules are clearly communicated. This has improved my college experience.,Positive,Happy,Examination
1447,2026-05-04,EEE,7,This makes me angry because the timetable is difficult to understand.,Negative,Angry,Examination
1289,2026-03-05,MECH,8,I am concerned because students do not receive enough interview training. Students need better support in this area.,Negative,Anxious,Placement
1537,2026-05-18,AIDS,4,"As a student, I am happy that the scholarship application process is simple. This is helpful for students.",Positive,Satisfied,Scholarship
362,2026-08-08,MECH,2,This has been disappointing because the course workload is too high. This should be improved soon.,Negative,Disappointed,Courses
1336,2026-09-05,CSE,2,I observed that the career support system is adequate. This is the current situation.,Neutral,Neutral,Placement
577,2026-04-13,IT,1,"From my experience, the laboratory is available for practical sessions. I do not have a strong opinion about it.",Neutral,Neutral,Laboratory
1314,2026-05-18,ECE,8,"Currently, the placement training is acceptable. This is acceptable for now.",Neutral,Neutral,Placement
1186,2026-09-11,EEE,3,I observed that the classroom facilities are adequate. I do not have a strong opinion about it.,Neutral,Neutral,Infrastructure
486,2026-08-13,CSE,7,I feel happy because the laboratory equipment is modern. I appreciate the effort taken by the college.,Positive,Happy,Laboratory
1478,2026-05-18,IT,4,"Overall, the current exam system is acceptable. This is the current situation.",Neutral,Neutral,Examination
553,2026-09-03,EEE,4,"In general, the lab computers work normally. I do not have a strong opinion about it.",Neutral,Neutral,Laboratory
1433,2026-01-19,ECE,8,I am disappointed because the examination process creates unnecessary stress. This is affecting the student experience.,Negative,Disappointed,Examination
875,2026-01-10,CIVIL,1,The current situation is that the accommodation is acceptable. The current arrangement is reasonable.,Neutral,Neutral,Hostel
905,2026-07-21,ECE,5,I have had a good experience because the routes are useful for students.,Positive,Happy,Transport
1114,2026-02-06,ECE,3,This makes me anxious because the campus facilities are outdated. This is affecting the student experience.,Negative,Anxious,Infrastructure
842,2026-03-05,MECH,5,This makes me anxious because the hostel food is poor. This is affecting the student experience.,Negative,Anxious,Hostel
1640,2026-02-07,CSE,6,"From my experience, the scholarship information is adequate. This is the current situation.",Neutral,Neutral,Scholarship
1290,2026-08-07,IT,6,I feel disappointed that the number of companies is too low. Students need better support in this area.,Negative,Disappointed,Placement
888,2026-06-22,ECE,2,"Generally, the hostel facilities are normal.",Neutral,Neutral,Hostel
880,2026-02-01,AIDS,1,I observed that the hostel facilities are normal. This is the current situation.,Neutral,Neutral,Hostel
1727,2026-01-03,ECE,7,This makes me angry because the food is too expensive.,Negative,Angry,Cafeteria
901,2026-05-11,CIVIL,1,I feel positive about the fact that transport facilities are useful. I appreciate the effort taken by the college.,Positive,Happy,Transport
293,2026-07-23,CSE,6,"Generally, faculty interaction is normal. This is acceptable for now.",Neutral,Neutral,Faculty
632,2026-08-13,IT,5,I am happy that the library has many useful reference books. I appreciate the effort taken by the college.,Positive,Happy,Library
1129,2026-05-01,EEE,8,I feel worried because the classrooms are uncomfortable. Students need better support in this area.,Negative,Anxious,Infrastructure
1432,2026-05-16,CIVIL,3,This frustrates me because the exam arrangements are not convenient. I hope the college addresses this issue.,Negative,Frustrated,Examination
1132,2026-06-11,CIVIL,4,This has been disappointing because the learning environment is uncomfortable. I hope the college addresses this issue.,Negative,Disappointed,Infrastructure
1279,2026-07-05,CIVIL,7,"As a student, I am concerned that students do not receive enough interview training.",Negative,Frustrated,Placement
1086,2026-03-11,ECE,8,I am pleased that the campus infrastructure is modern.,Positive,Satisfied,Infrastructure
494,2026-01-01,CIVIL,2,I am happy that the laboratory equipment is modern. This is helpful for students.,Positive,Happy,Laboratory
1189,2026-01-30,ECE,1,"Generally, the infrastructure is sufficient for regular use. I do not have a strong opinion about it.",Neutral,Neutral,Infrastructure
278,2026-07-11,EEE,8,I observed that the faculty members are available during office hours. I do not have a strong opinion about it.,Neutral,Neutral,Faculty
1662,2026-03-10,CIVIL,1,"As a student, I am happy that the staff provide good service. I appreciate the effort taken by the college.",Positive,Satisfied,Cafeteria
359,2026-03-05,CIVIL,3,I feel frustrated because the course workload is too high.,Negative,Frustrated,Courses
987,2026-07-09,MECH,7,I am very unhappy that the transport service causes delays.,Negative,Angry,Transport
237,2026-09-21,EEE,8,I feel worried because teachers do not listen to student concerns. This is affecting the student experience.,Negative,Anxious,Faculty
1681,2026-03-11,MECH,5,I feel positive about the fact that the cafeteria has reasonable options. This has improved my college experience.,Positive,Satisfied,Cafeteria
209,2026-07-24,MECH,8,I am concerned because teachers do not listen to student concerns. This is affecting the student experience.,Negative,Anxious,Faculty
1281,2026-06-02,CIVIL,8,I am very unhappy that very few companies visit the campus.,Negative,Angry,Placement
1406,2026-06-09,EEE,1,I strongly feel that the evaluation system is unclear. Students need better support in this area.,Negative,Angry,Examination
59,2026-08-27,EEE,8,I strongly feel that the lecturer does not give enough examples. I hope the college addresses this issue.,Negative,Disappointed,Teaching
1430,2026-05-08,CIVIL,5,I am worried because the examination schedule is confusing.,Negative,Anxious,Examination
1423,2026-01-19,CSE,8,This makes me angry because the evaluation system is unclear. This should be improved soon.,Negative,Angry,Examination
364,2026-03-09,EEE,2,I am frustrated because the course workload is too high. This is affecting the student experience.,Negative,Frustrated,Courses
907,2026-07-31,CIVIL,6,I feel positive about the fact that the college bus service is convenient. I appreciate the effort taken by the college.,Positive,Satisfied,Transport
723,2026-09-21,AIDS,4,"Currently, the library collection is reasonable. The current arrangement is reasonable.",Neutral,Neutral,Library
1010,2026-08-20,AIDS,1,The current situation is that the buses operate according to the timetable. I do not have a strong opinion about it.,Neutral,Neutral,Transport
1633,2026-04-05,ECE,8,"In my opinion, the scholarship application follows the normal process. This is acceptable for now.",Neutral,Neutral,Scholarship
1102,2026-06-01,CSE,3,I feel frustrated because the campus facilities are poorly maintained. This is affecting the student experience.,Negative,Frustrated,Infrastructure
693,2026-03-29,ECE,3,I am very unhappy that the library environment is uncomfortable.,Negative,Angry,Library
906,2026-06-12,CIVIL,7,I am happy that the buses are well maintained. I appreciate the effort taken by the college.,Positive,Happy,Transport
1570,2026-05-21,MECH,3,I feel worried because the scholarship process is complicated. This is affecting the student experience.,Negative,Anxious,Scholarship
119,2026-06-12,MECH,8,"From my experience, the lectures follow the timetable.",Neutral,Neutral,Teaching
1796,2026-01-31,IT,7,"From my experience, the cafeteria is normally maintained. This is the current situation.",Neutral,Neutral,Cafeteria
630,2026-02-24,CSE,8,I am happy with the fact that the library has a good collection of books. This is helpful for students.,Positive,Satisfied,Library
523,2026-01-04,MECH,2,I feel worried because many computers do not work properly. This should be improved soon.,Negative,Anxious,Laboratory
514,2026-01-21,EEE,5,I am frustrated because the laboratory facilities need improvement. This is affecting the student experience.,Negative,Angry,Laboratory
82,2026-06-24,AIDS,7,I am frustrated because the professor does not answer student questions properly. Students need better support in this area.,Negative,Disappointed,Teaching
705,2026-07-01,CSE,8,"Currently, the library follows the regular schedule. The current arrangement is reasonable.",Neutral,Neutral,Library
381,2026-02-09,EEE,8,I am disappointed because the syllabus contains too many topics. I hope the college addresses this issue.,Negative,Disappointed,Courses
1525,2026-03-28,IT,6,I feel happy because the scholarship application process is simple. This has improved my college experience.,Positive,Happy,Scholarship
85,2026-08-19,CSE,8,I am frustrated because the professor does not answer student questions properly. I hope the college addresses this issue.,Negative,Angry,Teaching
1515,2026-05-23,MECH,3,"I really appreciate that the scholarship procedure is convenient. Overall, I am happy with the situation.",Positive,Happy,Scholarship
1666,2026-04-26,ECE,3,"I am happy that the cafeteria environment is comfortable. Overall, I am happy with the situation.",Positive,Satisfied,Cafeteria
915,2026-05-14,CSE,2,I feel happy because the transport service is reliable. I appreciate the effort taken by the college.,Positive,Happy,Transport
614,2026-04-07,EEE,7,"As a student, I am happy that there are enough study spaces. This has improved my college experience.",Positive,Happy,Library
983,2026-08-21,ECE,4,This frustrates me because the college buses are overcrowded.,Negative,Frustrated,Transport
757,2026-09-06,CSE,1,"I am pleased that the maintenance service is good. Overall, I am happy with the situation.",Positive,Satisfied,Hostel
721,2026-06-14,CSE,4,"From my experience, the library facilities are average. This is acceptable for now.",Neutral,Neutral,Library
452,2026-08-31,CSE,3,I am happy with the fact that the practical classes improve our skills.,Positive,Satisfied,Laboratory
491,2026-06-19,ECE,1,"From my experience, the laboratory computers work well. Overall, I am happy with the situation.",Positive,Happy,Laboratory
1779,2026-06-26,ECE,2,I observed that the available options are reasonable. I do not have a strong opinion about it.,Neutral,Neutral,Cafeteria
288,2026-08-31,CSE,4,I observed that professor interaction is acceptable. The current arrangement is reasonable.,Neutral,Neutral,Faculty
1158,2026-07-12,CIVIL,2,"Currently, the internet service is acceptable. This is acceptable for now.",Neutral,Neutral,Infrastructure
1786,2026-09-08,ECE,5,The current situation is that the cafeteria is normally maintained. This is acceptable for now.,Neutral,Neutral,Cafeteria
1230,2026-01-07,CIVIL,1,"I am pleased that many companies visit the campus. Overall, I am happy with the situation.",Positive,Happy,Placement
1084,2026-04-17,IT,1,I am satisfied because the campus WiFi works very well. This has improved my college experience.,Positive,Satisfied,Infrastructure
1499,2026-09-24,MECH,2,I observed that the exams follow the academic schedule. This is acceptable for now.,Neutral,Neutral,Examination
1334,2026-03-03,CSE,6,"Generally, the placement process follows the normal schedule. I do not have a strong opinion about it.",Neutral,Neutral,Placement
1000,2026-05-06,CIVIL,8,I am worried because the bus service is unreliable. This should be improved soon.,Negative,Angry,Transport
1201,2026-04-28,AIDS,3,"I feel happy because the placement department provides good support. Overall, I am happy with the situation.",Positive,Happy,Placement
1490,2026-05-23,EEE,5,"From my experience, the exams are conducted according to the plan. The current arrangement is reasonable.",Neutral,Neutral,Examination
328,2026-02-13,AIDS,4,"From my experience, the course content is relevant to industry. This is helpful for students.",Positive,Happy,Courses
1310,2026-04-03,ECE,1,"From my experience, the current placement opportunities are reasonable. This is acceptable for now.",Neutral,Neutral,Placement
1113,2026-07-14,EEE,5,I am angry because the learning environment is uncomfortable. I hope the college addresses this issue.,Negative,Angry,Infrastructure
937,2026-07-15,AIDS,7,I am happy that the transport service is reliable. This is helpful for students.,Positive,Satisfied,Transport
1408,2026-04-15,IT,6,I am angry because the exam arrangements are poor. This should be improved soon.,Negative,Angry,Examination
758,2026-09-11,CIVIL,7,"My experience has been good because the rooms are spacious and clean. Overall, I am happy with the situation.",Positive,Happy,Hostel
178,2026-08-25,IT,1,I feel happy because the professors are approachable. I appreciate the effort taken by the college.,Positive,Happy,Faculty
608,2026-06-16,CIVIL,8,I feel happy because the digital library is very useful. This has improved my college experience.,Positive,Happy,Library
775,2026-08-12,EEE,2,I really enjoy that the hostel provides useful facilities. I appreciate the effort taken by the college.,Positive,Happy,Hostel
87,2026-01-06,IT,4,This makes me anxious because the professor does not answer student questions properly. I hope the college addresses this issue.,Negative,Anxious,Teaching
1266,2026-03-20,IT,8,I strongly feel that career guidance is not sufficient.,Negative,Angry,Placement
1758,2026-07-09,AIDS,3,I observed that the cafeteria follows the regular schedule. This is the current situation.,Neutral,Neutral,Cafeteria
458,2026-04-08,ECE,4,I am satisfied because the equipment is sufficient for practical work. This is helpful for students.,Positive,Satisfied,Laboratory
55,2026-04-11,ECE,7,"Overall, the classes are difficult to follow. Students need better support in this area.",Negative,Frustrated,Teaching
1353,2026-01-11,CSE,5,I have had a good experience because the examination system is convenient. This has improved my college experience.,Positive,Happy,Examination
222,2026-01-14,ECE,6,I am disappointed because some professors are difficult to approach. This is affecting the student experience.,Negative,Angry,Faculty
114,2026-03-02,MECH,3,I observed that the lectures are conducted as scheduled. I do not have a strong opinion about it.,Neutral,Neutral,Teaching
1654,2026-01-24,CSE,4,I am pleased that the cafeteria environment is comfortable. This has improved my college experience.,Positive,Satisfied,Cafeteria
1112,2026-02-12,CIVIL,5,I feel disappointed that the infrastructure needs improvement. This is affecting the student experience.,Negative,Disappointed,Infrastructure
820,2026-01-12,ECE,7,I am angry because the hostel facilities need improvement. Students need better support in this area.,Negative,Angry,Hostel
175,2026-06-15,CIVIL,6,My experience has been good because the professors listen to student concerns. This is helpful for students.,Positive,Satisfied,Faculty
1646,2026-04-22,CIVIL,6,"From my experience, the scholarship procedure is acceptable. This is acceptable for now.",Neutral,Neutral,Scholarship
1405,2026-03-22,ECE,2,I am concerned because the exam arrangements are poor.,Negative,Anxious,Examination
19,2026-01-01,IT,6,"As a student, I am happy that the teaching methods are effective. This is helpful for students.",Positive,Satisfied,Teaching
424,2026-02-23,AIDS,6,"From my experience, the syllabus covers the required topics. This is the current situation.",Neutral,Neutral,Courses
1207,2026-07-06,ECE,5,I really enjoy that the placement opportunities are good. I appreciate the effort taken by the college.,Positive,Happy,Placement
286,2026-03-31,MECH,7,"From my experience, faculty communication is adequate.",Neutral,Neutral,Faculty
1429,2026-09-23,ECE,3,This has been disappointing because the evaluation system is unclear. Students need better support in this area.,Negative,Disappointed,Examination
429,2026-09-03,CSE,2,"From my experience, the course follows the planned syllabus. The current arrangement is reasonable.",Neutral,Neutral,Courses
1361,2026-05-21,MECH,8,I have had a good experience because the exam timetable is clearly communicated.,Positive,Happy,Examination
1246,2026-08-24,CSE,7,I am satisfied because the placement training is very useful. This has improved my college experience.,Positive,Satisfied,Placement
32,2026-08-21,ECE,7,I really enjoy that the faculty explains concepts clearly. This has improved my college experience.,Positive,Happy,Teaching
1011,2026-01-31,EEE,5,"From my experience, the bus facilities are reasonable.",Neutral,Neutral,Transport
1775,2026-06-23,MECH,3,"From my experience, the food quality is adequate. I do not have a strong opinion about it.",Neutral,Neutral,Cafeteria
215,2026-03-20,MECH,8,This makes me anxious because teachers do not listen to student concerns.,Negative,Anxious,Faculty
670,2026-01-12,AIDS,4,I am very unhappy that there are not enough study spaces. Students need better support in this area.,Negative,Angry,Library
327,2026-07-25,IT,7,I feel positive about the fact that the subjects are interesting. This is helpful for students.,Positive,Satisfied,Courses
561,2026-09-15,CIVIL,2,"Generally, the laboratory equipment is average.",Neutral,Neutral,Laboratory
1050,2026-03-15,CSE,4,"In general, the current transport service is acceptable.",Neutral,Neutral,Transport
1236,2026-03-19,CSE,7,I am happy that the placement department provides good support.,Positive,Satisfied,Placement
1352,2026-04-06,ECE,8,"I am happy that the exams are conducted properly. Overall, I am happy with the situation.",Positive,Happy,Examination
342,2026-03-13,CSE,6,I really enjoy that the syllabus provides useful practical knowledge. This has improved my college experience.,Positive,Happy,Courses
148,2026-01-23,MECH,5,I observed that the lectures are conducted as scheduled. The current arrangement is reasonable.,Neutral,Neutral,Teaching
361,2026-02-12,ECE,3,I am concerned because some subjects contain outdated content. I hope the college addresses this issue.,Negative,Anxious,Courses
84,2026-08-27,EEE,5,This makes me anxious because the professor spends too little time explaining concepts. This is affecting the student experience.,Negative,Anxious,Teaching
49,2026-01-20,CIVIL,8,I am happy that the classes are easy to understand. I appreciate the effort taken by the college.,Positive,Happy,Teaching
469,2026-03-08,AIDS,7,"From my experience, the lab facilities are excellent. This has improved my college experience.",Positive,Happy,Laboratory
156,2026-04-19,CSE,8,I am happy with the fact that the professors are friendly with students. This is helpful for students.,Positive,Satisfied,Faculty
1676,2026-04-04,EEE,4,I am satisfied because the cafeteria service is fast. This is helpful for students.,Positive,Satisfied,Cafeteria
1317,2026-03-26,CIVIL,4,"Currently, the current placement opportunities are reasonable. This is the current situation.",Neutral,Neutral,Placement
1092,2026-05-03,CSE,2,I really appreciate that the classroom facilities are excellent. This has improved my college experience.,Positive,Satisfied,Infrastructure
1471,2026-03-09,CSE,2,"In my opinion, the examination system is acceptable. This is the current situation.",Neutral,Neutral,Examination
501,2026-09-05,IT,3,I feel frustrated because the laboratory computers are very slow. Students need better support in this area.,Negative,Frustrated,Laboratory
180,2026-03-30,AIDS,4,I am happy that the professors are approachable. This is helpful for students.,Positive,Satisfied,Faculty
1481,2026-06-18,CSE,1,"Currently, the current exam system is acceptable.",Neutral,Neutral,Examination
1600,2026-03-21,MECH,3,I am concerned because the available guidance is insufficient. I hope the college addresses this issue.,Negative,Anxious,Scholarship
808,2026-01-07,MECH,7,I am frustrated because the food quality is not good.,Negative,Frustrated,Hostel
529,2026-02-14,ECE,8,This frustrates me because the laboratory has insufficient equipment. I hope the college addresses this issue.,Negative,Frustrated,Laboratory
347,2026-01-22,CIVIL,8,I feel happy because the subjects help students develop useful skills. This has improved my college experience.,Positive,Happy,Courses
1248,2026-01-28,MECH,2,I have had a good experience because the placement team provides good guidance. This has improved my college experience.,Positive,Happy,Placement
1761,2026-08-19,MECH,4,"Currently, the cafeteria facilities are normal. I do not have a strong opinion about it.",Neutral,Neutral,Cafeteria
1282,2026-01-28,AIDS,7,I am worried because the placement opportunities are not diverse. This should be improved soon.,Negative,Angry,Placement
922,2026-01-27,ECE,4,I am happy with the fact that the college provides good transport support.,Positive,Satisfied,Transport
1384,2026-04-05,CSE,4,I feel happy because the exam process is convenient for students.,Positive,Happy,Examination
602,2026-05-17,IT,7,I feel happy because the library has many useful reference books. This has improved my college experience.,Positive,Happy,Library
890,2026-09-21,EEE,3,"From my experience, the hostel follows the regular schedule. This is the current situation.",Neutral,Neutral,Hostel
244,2026-03-12,MECH,6,I am disappointed because faculty members rarely respond to doubts.,Negative,Disappointed,Faculty
737,2026-02-16,CSE,3,"Currently, the library facilities are normal.",Neutral,Neutral,Library
1329,2026-05-21,ECE,6,"From my experience, the placement support is average. This is the current situation.",Neutral,Neutral,Placement
313,2026-06-01,CIVIL,4,I have had a good experience because the course structure is easy to follow.,Positive,Happy,Courses
436,2026-09-22,CIVIL,3,"Overall, the syllabus covers the required topics. The current arrangement is reasonable.",Neutral,Neutral,Courses
1705,2026-07-27,CIVIL,5,I am frustrated because the cafeteria has limited variety. Students need better support in this area.,Negative,Frustrated,Cafeteria
1288,2026-07-13,CSE,6,I am unhappy because career guidance is not sufficient. Students need better support in this area.,Negative,Disappointed,Placement
309,2026-02-09,ECE,3,I feel happy because the course content is useful. I appreciate the effort taken by the college.,Positive,Happy,Courses
431,2026-02-16,MECH,7,"Currently, the curriculum is acceptable. This is the current situation.",Neutral,Neutral,Courses
371,2026-07-17,AIDS,4,I am disappointed because the curriculum needs improvement. This is affecting the student experience.,Negative,Frustrated,Courses
567,2026-05-10,ECE,7,I observed that the equipment is sufficient for basic work. I do not have a strong opinion about it.,Neutral,Neutral,Laboratory
1749,2026-07-23,ECE,5,I am angry because the food is too expensive. I hope the college addresses this issue.,Negative,Angry,Cafeteria
182,2026-06-21,AIDS,6,My experience has been good because faculty members provide good guidance.,Positive,Satisfied,Faculty
1730,2026-01-20,IT,2,My experience has been difficult because the food prices are too high.,Negative,Angry,Cafeteria
622,2026-05-17,CIVIL,7,I am satisfied because the library has many useful reference books.,Positive,Happy,Library
675,2026-06-18,EEE,3,I am very unhappy that important reference books are missing. Students need better support in this area.,Negative,Angry,Library
1126,2026-08-19,IT,4,This makes me angry because the infrastructure needs improvement.,Negative,Angry,Infrastructure
782,2026-08-23,MECH,3,I am happy that the rooms are spacious and clean. This is helpful for students.,Positive,Happy,Hostel
1656,2026-08-01,CIVIL,3,I am pleased that the cafeteria food is good. This has improved my college experience.,Positive,Happy,Cafeteria
297,2026-09-13,IT,6,"Currently, faculty support is average. This is acceptable for now.",Neutral,Neutral,Faculty
745,2026-08-22,CIVIL,7,"Currently, the library follows the regular schedule. I do not have a strong opinion about it.",Neutral,Neutral,Library
462,2026-08-29,AIDS,2,I am pleased that the laboratory environment is good.,Positive,Satisfied,Laboratory
1174,2026-02-26,MECH,7,I observed that the classrooms follow the standard facilities. The current arrangement is reasonable.,Neutral,Neutral,Infrastructure
977,2026-03-17,MECH,7,I am concerned because the buses do not follow the schedule. Students need better support in this area.,Negative,Anxious,Transport
378,2026-08-21,IT,1,I feel frustrated because the course material is confusing.,Negative,Frustrated,Courses
1284,2026-01-06,IT,4,I strongly feel that the placement opportunities are not diverse. This is affecting the student experience.,Negative,Anxious,Placement
106,2026-01-21,CIVIL,3,I observed that the lectures follow the timetable. The current arrangement is reasonable.,Neutral,Neutral,Teaching
127,2026-05-04,EEE,3,"From my experience, the teaching is average. The current arrangement is reasonable.",Neutral,Neutral,Teaching
1024,2026-05-10,MECH,8,"Currently, the current transport service is acceptable.",Neutral,Neutral,Transport
793,2026-08-03,AIDS,4,I really enjoy that the maintenance service is good. This has improved my college experience.,Positive,Happy,Hostel
356,2026-07-03,CIVIL,2,I am frustrated because the syllabus contains too many topics. This is affecting the student experience.,Negative,Frustrated,Courses
1459,2026-06-02,EEE,6,"In general, the examination procedure is normal. This is acceptable for now.",Neutral,Neutral,Examination
1210,2026-04-09,MECH,8,"I feel happy because many companies visit the campus. Overall, I am happy with the situation.",Positive,Happy,Placement
932,2026-05-20,IT,4,I am satisfied because the bus routes are convenient. This is helpful for students.,Positive,Satisfied,Transport
210,2026-07-08,CIVIL,5,My experience has been difficult because faculty support is poor. This is affecting the student experience.,Negative,Anxious,Faculty
731,2026-02-22,EEE,2,I observed that the library collection is reasonable. The current arrangement is reasonable.,Neutral,Neutral,Library
141,2026-05-24,AIDS,6,"Generally, the classes are conducted regularly. I do not have a strong opinion about it.",Neutral,Neutral,Teaching
1293,2026-09-12,MECH,2,I feel frustrated because very few companies visit the campus.,Negative,Frustrated,Placement
1203,2026-04-29,CSE,6,I feel happy because the placement department provides good support. This has improved my college experience.,Positive,Happy,Placement
911,2026-07-30,CIVIL,6,"I feel happy because the buses are well maintained. Overall, I am happy with the situation.",Positive,Happy,Transport
1420,2026-05-30,CIVIL,4,I feel that the evaluation process needs improvement is a serious problem. Students need better support in this area.,Negative,Disappointed,Examination
1558,2026-05-13,MECH,2,I am worried because scholarship updates are not communicated properly. This is affecting the student experience.,Negative,Disappointed,Scholarship
862,2026-07-01,EEE,7,I observed that the rooms meet basic requirements. This is acceptable for now.,Neutral,Neutral,Hostel
1143,2026-04-07,MECH,2,I feel worried because the classrooms are uncomfortable. I hope the college addresses this issue.,Negative,Anxious,Infrastructure
712,2026-08-25,CIVIL,7,"Currently, the reading area is adequate. This is the current situation.",Neutral,Neutral,Library
707,2026-04-17,CIVIL,7,"From my experience, the study space is acceptable.",Neutral,Neutral,Library
11,2026-01-17,CIVIL,6,"Overall, the lectures are interesting and informative. Overall, I am happy with the situation.",Positive,Happy,Teaching
1603,2026-09-14,ECE,6,"From my experience, the scholarship information is adequate. The current arrangement is reasonable.",Neutral,Neutral,Scholarship
1326,2026-01-24,ECE,7,"From my experience, career guidance is provided. I do not have a strong opinion about it.",Neutral,Neutral,Placement
283,2026-01-25,CSE,1,I observed that faculty support is average. I do not have a strong opinion about it.,Neutral,Neutral,Faculty
292,2026-01-08,CSE,4,"From my experience, faculty support is average. This is the current situation.",Neutral,Neutral,Faculty
627,2026-03-03,EEE,4,I really enjoy that the library has many useful reference books. This is helpful for students.,Positive,Happy,Library
1223,2026-02-24,MECH,7,"As a student, I am happy that many companies visit the campus. This is helpful for students.",Positive,Satisfied,Placement
1076,2026-08-03,EEE,2,"I am satisfied because the classrooms have useful equipment. Overall, I am happy with the situation.",Positive,Satisfied,Infrastructure
130,2026-09-05,AIDS,4,"Currently, the teaching quality is acceptable. I do not have a strong opinion about it.",Neutral,Neutral,Teaching
1194,2026-04-08,ECE,1,"Currently, the campus infrastructure is average.",Neutral,Neutral,Infrastructure
324,2026-04-03,MECH,1,"I am happy with the fact that the curriculum is well designed. Overall, I am happy with the situation.",Positive,Satisfied,Courses
951,2026-04-08,AIDS,1,I feel worried because the transport service causes delays.,Negative,Anxious,Transport
695,2026-04-14,AIDS,5,I feel worried because the digital library resources are limited. This should be improved soon.,Negative,Anxious,Library
1504,2026-03-26,IT,8,"I am pleased that students receive timely information. Overall, I am happy with the situation.",Positive,Satisfied,Scholarship
1678,2026-04-28,MECH,3,"From my experience, the food quality is consistently good. This is helpful for students.",Positive,Happy,Cafeteria
713,2026-01-10,CSE,6,"Currently, the library has the required basic books. This is the current situation.",Neutral,Neutral,Library
1695,2026-08-14,CIVIL,8,"Overall, the food is fresh and tasty. This has improved my college experience.",Positive,Satisfied,Cafeteria
988,2026-08-05,EEE,8,I strongly feel that the bus service is poorly managed. This is affecting the student experience.,Negative,Disappointed,Transport
1458,2026-06-14,EEE,3,"In my opinion, the current exam system is acceptable. I do not have a strong opinion about it.",Neutral,Neutral,Examination
1476,2026-03-01,CSE,8,"Currently, the exams are conducted according to the plan. I do not have a strong opinion about it.",Neutral,Neutral,Examination
159,2026-06-29,AIDS,3,I really enjoy that the faculty members are supportive. This has improved my college experience.,Positive,Happy,Faculty
810,2026-08-21,EEE,3,I strongly feel that the hostel food is poor.,Negative,Disappointed,Hostel
635,2026-07-14,MECH,3,I am happy with the fact that the library collection is helpful for students. This is helpful for students.,Positive,Satisfied,Library
517,2026-09-27,CSE,3,This makes me anxious because the lab facilities are not maintained properly. I hope the college addresses this issue.,Negative,Anxious,Laboratory
1285,2026-01-08,CSE,8,This makes me angry because very few companies visit the campus. I hope the college addresses this issue.,Negative,Angry,Placement
598,2026-05-12,ECE,1,"From my experience, the lab environment is normal. The current arrangement is reasonable.",Neutral,Neutral,Laboratory
196,2026-04-25,AIDS,6,I am satisfied because the faculty is cooperative. This has improved my college experience.,Positive,Satisfied,Faculty
1787,2026-09-18,AIDS,1,"In general, the cafeteria prices are reasonable. This is the current situation.",Neutral,Neutral,Cafeteria
1685,2026-03-19,CSE,8,I am happy with the fact that the food quality is satisfactory. This is helpful for students.,Positive,Satisfied,Cafeteria
411,2026-04-23,IT,7,"Currently, the subjects are reasonably structured.",Neutral,Neutral,Courses
97,2026-03-19,CSE,5,This has been disappointing because the faculty needs to improve the teaching methods.,Negative,Disappointed,Teaching
821,2026-01-11,ECE,4,I am very unhappy that maintenance complaints are not handled quickly. This is affecting the student experience.,Negative,Angry,Hostel
779,2026-07-03,EEE,2,I really enjoy that the hostel provides useful facilities.,Positive,Happy,Hostel
157,2026-02-28,CIVIL,5,I feel happy because faculty members respond quickly to doubts. This has improved my college experience.,Positive,Happy,Faculty
420,2026-06-21,EEE,1,"From my experience, the subjects are reasonably structured.",Neutral,Neutral,Courses
1679,2026-04-26,CIVIL,3,I am happy that the food is fresh and tasty. This is helpful for students.,Positive,Happy,Cafeteria
478,2026-03-24,AIDS,8,I really enjoy that the practical classes improve our skills. This has improved my college experience.,Positive,Happy,Laboratory
1763,2026-07-18,ECE,3,"From my experience, the cafeteria environment is acceptable. This is acceptable for now.",Neutral,Neutral,Cafeteria
669,2026-06-11,EEE,2,I am not satisfied because there are too few seats for students.,Negative,Angry,Library
874,2026-09-12,EEE,5,"Currently, the accommodation is acceptable. This is the current situation.",Neutral,Neutral,Hostel
1590,2026-09-14,MECH,2,I am unhappy because the available guidance is insufficient. This is affecting the student experience.,Negative,Disappointed,Scholarship
1524,2026-02-19,CIVIL,5,I am satisfied because the scholarship information is clearly provided. This has improved my college experience.,Positive,Satisfied,Scholarship
448,2026-08-26,IT,7,I observed that the course workload is manageable. This is the current situation.,Neutral,Neutral,Courses
1115,2026-01-07,CIVIL,6,I am angry because the campus facilities are outdated.,Negative,Angry,Infrastructure
179,2026-03-19,AIDS,8,I really enjoy that the professors listen to student concerns. This is helpful for students.,Positive,Happy,Faculty
391,2026-09-09,AIDS,3,I am frustrated because the curriculum needs improvement. This is affecting the student experience.,Negative,Frustrated,Courses
579,2026-01-03,ECE,3,"From my experience, the lab computers work normally. The current arrangement is reasonable.",Neutral,Neutral,Laboratory
1303,2026-02-10,IT,7,"Currently, the placement support is average. The current arrangement is reasonable.",Neutral,Neutral,Placement
1542,2026-06-22,EEE,7,I am pleased that the scholarship support is useful. This has improved my college experience.,Positive,Satisfied,Scholarship
1316,2026-04-12,MECH,5,I observed that the current placement opportunities are reasonable. This is acceptable for now.,Neutral,Neutral,Placement
1484,2026-04-21,IT,4,"For me, the evaluation process follows the rules. I do not have a strong opinion about it.",Neutral,Neutral,Examination
1630,2026-08-30,CSE,2,"From my experience, students can access the required information.",Neutral,Neutral,Scholarship
1549,2026-02-19,EEE,3,"I feel positive about the fact that the scholarship application process is simple. Overall, I am happy with the situation.",Positive,Satisfied,Scholarship
807,2026-01-18,EEE,7,I feel frustrated because the hostel facilities are insufficient. Students need better support in this area.,Negative,Frustrated,Hostel
889,2026-06-04,IT,5,"From my experience, the hostel facilities are normal.",Neutral,Neutral,Hostel
665,2026-04-19,CSE,5,I feel disappointed that many required books are unavailable. This should be improved soon.,Negative,Disappointed,Library
143,2026-01-11,AIDS,6,I observed that the professor covers the required topics. The current arrangement is reasonable.,Neutral,Neutral,Teaching
1367,2026-08-09,ECE,1,I really enjoy that the exam process is convenient for students.,Positive,Happy,Examination
1286,2026-05-15,IT,1,I am frustrated because placement training needs improvement. This is affecting the student experience.,Negative,Disappointed,Placement
422,2026-03-27,EEE,8,"Currently, the course workload is manageable. I do not have a strong opinion about it.",Neutral,Neutral,Courses
637,2026-05-25,ECE,7,I am satisfied because the library facilities are excellent. This is helpful for students.,Positive,Satisfied,Library
1264,2026-09-14,IT,6,I am unhappy because career guidance is not sufficient. This should be improved soon.,Negative,Angry,Placement
1793,2026-03-15,IT,4,I observed that the cafeteria environment is acceptable. This is the current situation.,Neutral,Neutral,Cafeteria
616,2026-05-20,ECE,5,I am happy with the fact that the library is quiet and comfortable. This is helpful for students.,Positive,Satisfied,Library
295,2026-04-24,MECH,3,"From my experience, faculty members are available when required.",Neutral,Neutral,Faculty
765,2026-07-30,AIDS,2,I am happy that the rooms are spacious and clean.,Positive,Happy,Hostel
1709,2026-09-05,CIVIL,8,I am angry because the food quality needs improvement.,Negative,Angry,Cafeteria
89,2026-04-24,EEE,4,I am frustrated because the lectures are not interesting. I hope the college addresses this issue.,Negative,Disappointed,Teaching
42,2026-09-16,EEE,5,I really appreciate that the faculty makes difficult subjects easier to understand. This has improved my college experience.,Positive,Happy,Teaching
1622,2026-03-22,IT,3,"From my experience, the scholarship application follows the normal process. This is acceptable for now.",Neutral,Neutral,Scholarship
1737,2026-09-09,AIDS,6,I feel disappointed that the cafeteria has limited variety.,Negative,Disappointed,Cafeteria
132,2026-09-12,CIVIL,5,"Currently, the teaching quality is acceptable.",Neutral,Neutral,Teaching
1474,2026-09-06,EEE,7,"Currently, the evaluation system is adequate. This is the current situation.",Neutral,Neutral,Examination
811,2026-01-01,CIVIL,2,I feel that the hostel facilities are insufficient is a serious problem. This is affecting the student experience.,Negative,Angry,Hostel
924,2026-01-22,IT,3,I am satisfied because the transport service is reliable. This is helpful for students.,Positive,Satisfied,Transport
1669,2026-01-18,CIVIL,4,"Overall, the cafeteria food is good. Overall, I am happy with the situation.",Positive,Happy,Cafeteria
974,2026-01-16,EEE,3,I am not satisfied because the transport service causes delays. I hope the college addresses this issue.,Negative,Disappointed,Transport
165,2026-01-04,CSE,5,I feel happy because the faculty members are supportive.,Positive,Happy,Faculty
725,2026-08-16,AIDS,3,"From my experience, the library follows normal working hours. The current arrangement is reasonable.",Neutral,Neutral,Library
291,2026-01-21,CIVIL,2,"From my experience, faculty interaction is normal. The current arrangement is reasonable.",Neutral,Neutral,Faculty
1703,2026-03-28,ECE,1,I feel that the food is not fresh is a serious problem. This should be improved soon.,Negative,Anxious,Cafeteria
835,2026-07-04,EEE,3,This makes me anxious because the food quality is not good.,Negative,Anxious,Hostel
349,2026-03-02,CIVIL,4,I am satisfied because the syllabus provides useful practical knowledge. I appreciate the effort taken by the college.,Positive,Satisfied,Courses
572,2026-08-11,AIDS,2,"In my opinion, the laboratory facilities are acceptable. The current arrangement is reasonable.",Neutral,Neutral,Laboratory
799,2026-07-31,CIVIL,4,"I am happy that the hostel environment is comfortable. Overall, I am happy with the situation.",Positive,Happy,Hostel
1696,2026-04-21,IT,3,I have had a good experience because the food quality is consistently good.,Positive,Happy,Cafeteria
966,2026-03-03,IT,4,This makes me anxious because the bus service is unreliable. This should be improved soon.,Negative,Anxious,Transport
1436,2026-02-28,MECH,1,"Overall, the examination process is stressful. This should be improved soon.",Negative,Angry,Examination
1757,2026-09-28,ECE,3,I observed that the cafeteria food is average. The current arrangement is reasonable.,Neutral,Neutral,Cafeteria
840,2026-09-09,AIDS,5,I am very unhappy that the hostel environment is noisy. I hope the college addresses this issue.,Negative,Angry,Hostel
459,2026-06-03,CIVIL,3,"From my experience, the practical exercises are useful. This is helpful for students.",Positive,Satisfied,Laboratory
376,2026-09-19,CSE,3,I am very unhappy that the syllabus is difficult to complete.,Negative,Angry,Courses
334,2026-04-05,CSE,7,I really appreciate that the subjects improve our knowledge. I appreciate the effort taken by the college.,Positive,Satisfied,Courses
1607,2026-07-24,MECH,2,"For me, the current procedure is acceptable.",Neutral,Neutral,Scholarship
1762,2026-09-03,CSE,8,"Currently, the available options are reasonable. I do not have a strong opinion about it.",Neutral,Neutral,Cafeteria
1456,2026-08-12,ECE,8,"At present, the exams follow the academic schedule. I do not have a strong opinion about it.",Neutral,Neutral,Examination
1704,2026-06-01,CIVIL,3,This makes me angry because the food is too expensive. Students need better support in this area.,Negative,Angry,Cafeteria
1182,2026-02-09,MECH,4,"In general, the infrastructure meets basic requirements.",Neutral,Neutral,Infrastructure
1671,2026-05-15,IT,8,I am satisfied because the cafeteria provides good variety. I appreciate the effort taken by the college.,Positive,Satisfied,Cafeteria
1035,2026-01-06,EEE,7,"From my experience, the transport system meets basic requirements. This is acceptable for now.",Neutral,Neutral,Transport
1733,2026-05-07,ECE,3,I am frustrated because the cafeteria environment is uncomfortable. I hope the college addresses this issue.,Negative,Frustrated,Cafeteria
329,2026-07-24,CIVIL,6,I am happy that the subjects improve our knowledge. This is helpful for students.,Positive,Happy,Courses
1193,2026-05-18,AIDS,8,"From my experience, the internet service is acceptable. This is acceptable for now.",Neutral,Neutral,Infrastructure
319,2026-02-09,ECE,5,I am pleased that the syllabus is relevant to current technology. I appreciate the effort taken by the college.,Positive,Satisfied,Courses
1379,2026-09-19,MECH,1,"Overall, the evaluation process is transparent.",Positive,Satisfied,Examination
1221,2026-05-16,MECH,3,I am happy with the fact that the placement process is well organized. This is helpful for students.,Positive,Satisfied,Placement
1563,2026-07-02,EEE,1,I am frustrated because the scholarship procedure needs improvement. I hope the college addresses this issue.,Negative,Frustrated,Scholarship
168,2026-01-10,EEE,2,"Overall, the professors are approachable. I appreciate the effort taken by the college.",Positive,Satisfied,Faculty
13,2026-05-15,MECH,7,"I am satisfied because the faculty uses practical examples during lectures. Overall, I am happy with the situation.",Positive,Satisfied,Teaching
172,2026-09-19,MECH,2,I am happy that teachers are willing to help outside class.,Positive,Happy,Faculty
650,2026-05-16,ECE,4,"I am happy that the library is quiet and comfortable. Overall, I am happy with the situation.",Positive,Happy,Library
261,2026-04-13,CIVIL,5,"From my experience, the faculty members are available during office hours. I do not have a strong opinion about it.",Neutral,Neutral,Faculty
1243,2026-09-10,IT,4,I am happy with the fact that the placement team provides good guidance. This is helpful for students.,Positive,Satisfied,Placement
1616,2026-05-16,CIVIL,4,"Currently, the scholarship application follows the normal process. This is the current situation.",Neutral,Neutral,Scholarship
673,2026-03-19,ECE,7,I am worried because there are too few seats for students. This should be improved soon.,Negative,Frustrated,Library
259,2026-04-26,MECH,4,"Currently, the faculty system is normal. The current arrangement is reasonable.",Neutral,Neutral,Faculty
1190,2026-01-03,ECE,3,"From my experience, the classrooms follow the standard facilities.",Neutral,Neutral,Infrastructure
139,2026-05-01,IT,3,"In general, the faculty follows the planned syllabus.",Neutral,Neutral,Teaching
550,2026-09-07,CIVIL,8,I am very unhappy that the computers frequently stop working. I hope the college addresses this issue.,Negative,Angry,Laboratory
863,2026-08-27,AIDS,3,"From my experience, the hostel environment is normal.",Neutral,Neutral,Hostel
1376,2026-05-31,AIDS,7,I am happy with the fact that the exams are conducted properly. This is helpful for students.,Positive,Satisfied,Examination
1119,2026-09-02,AIDS,6,I am disappointed because the WiFi connection is very poor. This should be improved soon.,Negative,Disappointed,Infrastructure
1068,2026-07-11,CSE,3,I am happy with the fact that the campus infrastructure is modern.,Positive,Satisfied,Infrastructure
559,2026-07-13,EEE,3,I observed that the equipment is sufficient for basic work. This is acceptable for now.,Neutral,Neutral,Laboratory
140,2026-08-03,IT,3,"Currently, the classes are conducted regularly. The current arrangement is reasonable.",Neutral,Neutral,Teaching
1565,2026-02-18,CSE,3,I am disappointed because the scholarship procedure is difficult. Students need better support in this area.,Negative,Disappointed,Scholarship
532,2026-07-21,IT,2,I am angry because the laboratory computers are very slow. Students need better support in this area.,Negative,Angry,Laboratory
225,2026-04-04,CIVIL,3,I feel that some teachers are not cooperative is a serious problem. This should be improved soon.,Negative,Disappointed,Faculty
724,2026-05-26,IT,4,"From my experience, the digital library is available. This is acceptable for now.",Neutral,Neutral,Library
787,2026-03-03,MECH,3,I have had a good experience because the hostel provides useful facilities. This has improved my college experience.,Positive,Satisfied,Hostel
825,2026-06-30,ECE,8,"Overall, the rooms require better maintenance. This should be improved soon.",Negative,Anxious,Hostel
410,2026-03-23,AIDS,4,"Currently, the course workload is manageable. This is acceptable for now.",Neutral,Neutral,Courses
326,2026-08-05,CIVIL,7,"I am happy with the fact that the syllabus is relevant to current technology. Overall, I am happy with the situation.",Positive,Satisfied,Courses
965,2026-03-31,CIVIL,1,I feel that the college buses are overcrowded is a serious problem. This should be improved soon.,Negative,Anxious,Transport
300,2026-04-29,AIDS,3,"At present, faculty interaction is normal. This is acceptable for now.",Neutral,Neutral,Faculty
1139,2026-08-28,CSE,8,I am frustrated because the infrastructure needs improvement. I hope the college addresses this issue.,Negative,Frustrated,Infrastructure
1183,2026-09-10,CIVIL,1,I observed that the WiFi works normally. This is the current situation.,Neutral,Neutral,Infrastructure
940,2026-07-03,MECH,2,"My experience has been good because the bus service makes travel easier. Overall, I am happy with the situation.",Positive,Satisfied,Transport
1672,2026-06-22,CSE,5,"As a student, I am happy that the cafeteria is clean. This has improved my college experience.",Positive,Satisfied,Cafeteria
715,2026-06-11,MECH,1,I observed that the library facilities are normal. This is the current situation.,Neutral,Neutral,Library
194,2026-09-20,CSE,7,I am pleased that the professors are friendly with students. I appreciate the effort taken by the college.,Positive,Happy,Faculty
441,2026-09-06,IT,8,I observed that the curriculum is acceptable. I do not have a strong opinion about it.,Neutral,Neutral,Courses
574,2026-08-13,AIDS,4,"From my experience, the current lab arrangements are acceptable. I do not have a strong opinion about it.",Neutral,Neutral,Laboratory
504,2026-09-20,ECE,6,I am unhappy because the practical sessions are poorly organized. This is affecting the student experience.,Negative,Disappointed,Laboratory
606,2026-05-15,IT,3,I am satisfied because the library has a good collection of books.,Positive,Satisfied,Library
1055,2026-09-11,EEE,5,"As a student, I am happy that the classrooms are comfortable. I appreciate the effort taken by the college.",Positive,Satisfied,Infrastructure
1609,2026-05-06,CSE,8,"Currently, the scholarship information is adequate. This is acceptable for now.",Neutral,Neutral,Scholarship
4,2026-08-05,ECE,5,"Overall, the faculty makes difficult subjects easier to understand. Overall, I am happy with the situation.",Positive,Satisfied,Teaching
1042,2026-06-21,IT,5,"From my experience, the bus facilities are reasonable. The current arrangement is reasonable.",Neutral,Neutral,Transport
1108,2026-04-15,CSE,2,This makes me angry because the campus facilities are poorly maintained. Students need better support in this area.,Negative,Angry,Infrastructure
468,2026-04-08,AIDS,1,"Overall, the laboratory equipment is modern. This has improved my college experience.",Positive,Happy,Laboratory
322,2026-09-03,ECE,3,"I feel happy because the course structure is easy to follow. Overall, I am happy with the situation.",Positive,Happy,Courses
6,2026-03-05,EEE,2,I am satisfied because the professor encourages students to ask questions. I appreciate the effort taken by the college.,Positive,Satisfied,Teaching
223,2026-06-08,EEE,8,I am angry because some teachers are not cooperative.,Negative,Angry,Faculty
548,2026-09-24,MECH,5,I feel that the laboratory computers are very slow is a serious problem.,Negative,Frustrated,Laboratory
229,2026-06-22,CIVIL,1,This makes me angry because faculty members take too long to respond. Students need better support in this area.,Negative,Angry,Faculty
40,2026-09-28,AIDS,5,I am pleased that the teaching methods are effective. This is helpful for students.,Positive,Satisfied,Teaching
543,2026-07-20,CSE,5,I am unhappy because the practical classes are difficult because of equipment problems. I hope the college addresses this issue.,Negative,Disappointed,Laboratory
243,2026-07-07,CIVIL,3,I feel that faculty support is poor is a serious problem. Students need better support in this area.,Negative,Anxious,Faculty
1716,2026-07-01,AIDS,5,I am unhappy because the food is not fresh.,Negative,Disappointed,Cafeteria
137,2026-06-17,IT,4,"Currently, the professor covers the required topics. The current arrangement is reasonable.",Neutral,Neutral,Teaching
1079,2026-05-07,IT,6,I am pleased that the classrooms are comfortable. This is helpful for students.,Positive,Satisfied,Infrastructure
1581,2026-07-29,ECE,4,I feel worried because scholarship information is difficult to find. This is affecting the student experience.,Negative,Anxious,Scholarship
1418,2026-03-08,IT,7,I feel worried because the timetable is difficult to understand. I hope the college addresses this issue.,Negative,Anxious,Examination
1434,2026-05-22,IT,6,This makes me angry because the evaluation system is unclear.,Negative,Angry,Examination
830,2026-03-21,AIDS,6,My experience has been difficult because the hostel facilities are insufficient. I hope the college addresses this issue.,Negative,Disappointed,Hostel
446,2026-07-26,CSE,1,"Currently, the course workload is manageable. The current arrangement is reasonable.",Neutral,Neutral,Courses
843,2026-01-15,AIDS,5,This makes me angry because the hostel facilities are insufficient. This should be improved soon.,Negative,Angry,Hostel
980,2026-06-09,IT,6,This makes me anxious because there are not enough buses. Students need better support in this area.,Negative,Anxious,Transport
1698,2026-08-17,CIVIL,1,I am satisfied because the food is fresh and tasty. This has improved my college experience.,Positive,Satisfied,Cafeteria
1074,2026-04-16,CSE,5,I really enjoy that the classroom facilities are excellent. This has improved my college experience.,Positive,Happy,Infrastructure
1643,2026-04-07,CIVIL,3,"Generally, students receive basic scholarship information. This is acceptable for now.",Neutral,Neutral,Scholarship
582,2026-09-04,AIDS,5,"Generally, the equipment is sufficient for basic work.",Neutral,Neutral,Laboratory
1589,2026-08-25,EEE,4,I am angry because the application requirements are confusing. This should be improved soon.,Negative,Angry,Scholarship
1770,2026-03-22,MECH,7,I observed that the cafeteria service is normal. This is the current situation.,Neutral,Neutral,Cafeteria
662,2026-03-16,EEE,1,I strongly feel that many required books are unavailable. This is affecting the student experience.,Negative,Angry,Library
437,2026-04-14,CIVIL,3,I observed that the subjects are reasonably structured. I do not have a strong opinion about it.,Neutral,Neutral,Courses
1670,2026-09-05,CIVIL,6,I am happy with the fact that the food quality is satisfactory. I appreciate the effort taken by the college.,Positive,Satisfied,Cafeteria
377,2026-06-08,MECH,7,This makes me anxious because the course material is not updated regularly.,Negative,Anxious,Courses
1330,2026-01-15,CSE,1,"Generally, the training is available for students.",Neutral,Neutral,Placement
315,2026-07-04,CIVIL,5,I really enjoy that the subjects are interesting. I appreciate the effort taken by the college.,Positive,Happy,Courses
443,2026-07-10,AIDS,6,"From my experience, the course follows the planned syllabus. This is the current situation.",Neutral,Neutral,Courses
1038,2026-05-12,ECE,7,"From my experience, the college buses are available as scheduled. The current arrangement is reasonable.",Neutral,Neutral,Transport
320,2026-02-24,CSE,5,I am satisfied because the course material is informative. I appreciate the effort taken by the college.,Positive,Satisfied,Courses
282,2026-04-07,MECH,2,I observed that faculty support is average. This is the current situation.,Neutral,Neutral,Faculty
933,2026-08-02,AIDS,4,"I feel happy because the college provides good transport support. Overall, I am happy with the situation.",Positive,Happy,Transport
1358,2026-09-23,CIVIL,8,I am pleased that the evaluation system is organized. This has improved my college experience.,Positive,Happy,Examination
1604,2026-03-31,EEE,7,"Currently, the required documents are listed. I do not have a strong opinion about it.",Neutral,Neutral,Scholarship
425,2026-02-17,ECE,8,I observed that the course content is average. The current arrangement is reasonable.,Neutral,Neutral,Courses
554,2026-05-05,AIDS,3,"From my experience, the current lab arrangements are acceptable.",Neutral,Neutral,Laboratory
595,2026-03-18,EEE,1,"Currently, the laboratory facilities are adequate. This is acceptable for now.",Neutral,Neutral,Laboratory
1764,2026-01-22,EEE,7,"From my experience, the food quality is adequate. This is acceptable for now.",Neutral,Neutral,Cafeteria
369,2026-05-08,IT,5,This makes me angry because the syllabus contains too many topics.,Negative,Angry,Courses
1252,2026-01-17,IT,3,I am frustrated because the number of companies is too low.,Negative,Frustrated,Placement
1179,2026-01-28,MECH,6,"Currently, the classrooms are acceptable. This is the current situation.",Neutral,Neutral,Infrastructure
1424,2026-05-23,CIVIL,7,I am disappointed because the exam arrangements are poor.,Negative,Disappointed,Examination
1457,2026-02-12,CSE,1,"Generally, the examination system is acceptable. The current arrangement is reasonable.",Neutral,Neutral,Examination
1442,2026-01-23,ECE,3,I feel worried because the examination process creates unnecessary stress. I hope the college addresses this issue.,Negative,Anxious,Examination
228,2026-02-17,IT,3,I am concerned because professors do not give enough academic guidance. Students need better support in this area.,Negative,Anxious,Faculty
1001,2026-01-12,ECE,7,I observed that the buses follow the regular schedule. I do not have a strong opinion about it.,Neutral,Neutral,Transport
1091,2026-01-27,IT,1,I really enjoy that the internet facilities are reliable. I appreciate the effort taken by the college.,Positive,Happy,Infrastructure
1621,2026-04-18,IT,3,"From my experience, the current procedure is acceptable. The current arrangement is reasonable.",Neutral,Neutral,Scholarship
964,2026-05-01,CSE,1,My experience has been difficult because the bus service is unreliable. I hope the college addresses this issue.,Negative,Disappointed,Transport
67,2026-09-06,MECH,4,I am worried because the lectures are not interesting. Students need better support in this area.,Negative,Anxious,Teaching
394,2026-07-21,MECH,6,I am very unhappy that the course structure is difficult to follow. I hope the college addresses this issue.,Negative,Angry,Courses
580,2026-06-24,AIDS,5,"Currently, the practical classes follow the schedule. This is the current situation.",Neutral,Neutral,Laboratory
25,2026-02-04,AIDS,6,"Overall, the faculty explains concepts clearly. Overall, I am happy with the situation.",Positive,Happy,Teaching
212,2026-08-07,CSE,8,I am worried because some professors are difficult to approach. This is affecting the student experience.,Negative,Anxious,Faculty
1385,2026-02-21,IT,8,I really enjoy that the examination system is convenient. This has improved my college experience.,Positive,Happy,Examination
145,2026-05-22,CIVIL,3,"Generally, the lectures follow the timetable.",Neutral,Neutral,Teaching
537,2026-08-19,ECE,5,I feel that the laboratory needs better computers is a serious problem. This is affecting the student experience.,Negative,Frustrated,Laboratory
812,2026-05-19,MECH,4,I am concerned because the hostel facilities are insufficient. This is affecting the student experience.,Negative,Anxious,Hostel
1007,2026-07-28,AIDS,8,"From my experience, the buses follow the regular schedule. The current arrangement is reasonable.",Neutral,Neutral,Transport
926,2026-01-23,CSE,8,I am satisfied because the routes are useful for students. This has improved my college experience.,Positive,Satisfied,Transport
86,2026-04-04,EEE,4,I feel disappointed that the teaching quality is poor. I hope the college addresses this issue.,Negative,Disappointed,Teaching
1623,2026-04-28,ECE,8,"At present, the scholarship application follows the normal process. This is the current situation.",Neutral,Neutral,Scholarship
273,2026-02-09,IT,2,"Currently, the faculty system is normal. This is the current situation.",Neutral,Neutral,Faculty
1162,2026-04-05,EEE,1,I observed that the infrastructure meets basic requirements. The current arrangement is reasonable.,Neutral,Neutral,Infrastructure
1445,2026-08-30,MECH,8,I am not satisfied because the evaluation system is unclear.,Negative,Frustrated,Examination
1106,2026-06-14,CSE,8,I am very unhappy that the campus facilities are poorly maintained. Students need better support in this area.,Negative,Angry,Infrastructure
1625,2026-01-29,EEE,6,"Overall, the required documents are listed. I do not have a strong opinion about it.",Neutral,Neutral,Scholarship
631,2026-04-09,AIDS,7,"From my experience, the library facilities are excellent. I appreciate the effort taken by the college.",Positive,Satisfied,Library
1235,2026-02-09,IT,6,I really enjoy that the placement department provides good support. This has improved my college experience.,Positive,Happy,Placement
1683,2026-05-05,EEE,3,"I am pleased that the cafeteria food is good. Overall, I am happy with the situation.",Positive,Satisfied,Cafeteria
916,2026-09-27,EEE,8,I am happy that the buses are usually on time.,Positive,Happy,Transport
1234,2026-02-27,EEE,3,I really appreciate that many companies visit the campus. I appreciate the effort taken by the college.,Positive,Satisfied,Placement
1037,2026-01-07,IT,2,I observed that the bus facilities are reasonable.,Neutral,Neutral,Transport
506,2026-09-03,IT,7,I feel that the laboratory facilities need improvement is a serious problem. Students need better support in this area.,Negative,Anxious,Laboratory
274,2026-06-17,CIVIL,8,I observed that the faculty members are available during office hours. This is acceptable for now.,Neutral,Neutral,Faculty
1198,2026-01-05,EEE,8,"For me, the facilities are reasonably maintained. I do not have a strong opinion about it.",Neutral,Neutral,Infrastructure
1597,2026-08-16,ECE,8,I feel that students face delays in the scholarship process is a serious problem. I hope the college addresses this issue.,Negative,Angry,Scholarship
363,2026-04-26,IT,8,I am frustrated because the syllabus is difficult to complete. This should be improved soon.,Negative,Frustrated,Courses
1454,2026-07-25,MECH,4,"For me, the examination procedure is normal. This is acceptable for now.",Neutral,Neutral,Examination
623,2026-01-07,AIDS,4,I am pleased that the library is quiet and comfortable. I appreciate the effort taken by the college.,Positive,Satisfied,Library
3,2026-08-03,CSE,8,I feel happy because the lectures are interesting and informative. This is helpful for students.,Positive,Happy,Teaching
7,2026-04-09,MECH,2,My experience has been good because the lectures are interesting and informative. This has improved my college experience.,Positive,Satisfied,Teaching
1002,2026-07-15,ECE,2,"Currently, the transport facilities are acceptable. This is the current situation.",Neutral,Neutral,Transport
312,2026-04-27,ECE,7,I really enjoy that the subjects improve our knowledge. I appreciate the effort taken by the college.,Positive,Happy,Courses
1218,2026-03-02,CSE,4,I really enjoy that the placement opportunities are good. This is helpful for students.,Positive,Happy,Placement
927,2026-05-16,IT,6,I am pleased that the transport service is reliable. This has improved my college experience.,Positive,Satisfied,Transport
666,2026-07-12,IT,1,I am disappointed because the library environment is uncomfortable.,Negative,Disappointed,Library
365,2026-06-10,ECE,5,I am disappointed because the course material is confusing.,Negative,Disappointed,Courses
1773,2026-06-19,CIVIL,2,I observed that the cafeteria prices are reasonable.,Neutral,Neutral,Cafeteria
216,2026-03-12,IT,6,I feel worried because teachers do not listen to student concerns. Students need better support in this area.,Negative,Anxious,Faculty
1739,2026-03-30,MECH,6,I am frustrated because the food prices are too high. I hope the college addresses this issue.,Negative,Frustrated,Cafeteria
28,2026-02-20,AIDS,7,I am happy with the fact that the professor encourages students to ask questions.,Positive,Satisfied,Teaching
1573,2026-08-04,MECH,6,I strongly feel that the available guidance is insufficient. This is affecting the student experience.,Negative,Anxious,Scholarship
526,2026-04-27,ECE,7,I am not satisfied because the laboratory computers are very slow.,Negative,Angry,Laboratory
1651,2026-05-11,IT,2,"From my experience, the cafeteria provides good variety. I appreciate the effort taken by the college.",Positive,Happy,Cafeteria
947,2026-06-10,IT,8,I feel happy because the bus service makes travel easier. This has improved my college experience.,Positive,Happy,Transport
639,2026-02-20,AIDS,7,"I really enjoy that the digital library is very useful. Overall, I am happy with the situation.",Positive,Happy,Library
303,2026-05-04,CSE,5,"As a student, I am happy that the syllabus is relevant to current technology. Overall, I am happy with the situation.",Positive,Happy,Courses
719,2026-07-18,MECH,2,I observed that the digital library is available. I do not have a strong opinion about it.,Neutral,Neutral,Library
692,2026-02-13,IT,7,I feel frustrated because the library closes too early. I hope the college addresses this issue.,Negative,Frustrated,Library
1717,2026-09-09,EEE,3,"Overall, the service is poorly managed. Students need better support in this area.",Negative,Anxious,Cafeteria
1224,2026-05-18,CSE,7,I really appreciate that the placement opportunities are good. This has improved my college experience.,Positive,Happy,Placement
625,2026-09-24,AIDS,5,I am happy that the library has many useful reference books. This is helpful for students.,Positive,Happy,Library
8,2026-02-21,EEE,5,"I am happy that the faculty explains concepts clearly. Overall, I am happy with the situation.",Positive,Happy,Teaching
257,2026-06-27,EEE,5,"Currently, the professors follow the department schedule.",Neutral,Neutral,Faculty
804,2026-02-14,EEE,8,This makes me angry because the hostel environment is noisy. This should be improved soon.,Negative,Angry,Hostel
26,2026-03-09,MECH,8,"I really enjoy that the professor explains difficult topics well. Overall, I am happy with the situation.",Positive,Happy,Teaching
337,2026-09-08,IT,6,I am satisfied because the subjects improve our knowledge. This has improved my college experience.,Positive,Satisfied,Courses
573,2026-07-16,EEE,5,"Currently, the laboratory is available for practical sessions.",Neutral,Neutral,Laboratory
48,2026-07-30,CIVIL,4,I am happy with the fact that the teaching methods are effective. This has improved my college experience.,Positive,Satisfied,Teaching
1332,2026-01-27,ECE,1,The current situation is that career guidance is provided.,Neutral,Neutral,Placement
107,2026-08-12,MECH,8,"From my experience, the teaching follows the department plan. The current arrangement is reasonable.",Neutral,Neutral,Teaching
350,2026-03-26,IT,3,My experience has been good because the course material is informative. I appreciate the effort taken by the college.,Positive,Satisfied,Courses
56,2026-06-03,IT,5,This makes me anxious because the professor rushes through important concepts.,Negative,Anxious,Teaching
239,2026-08-29,ECE,1,I am concerned because faculty members take too long to respond. This is affecting the student experience.,Negative,Anxious,Faculty
214,2026-03-06,AIDS,4,My experience has been difficult because the faculty members are not supportive.,Negative,Angry,Faculty
121,2026-03-15,EEE,3,"From my experience, the professor covers the required topics.",Neutral,Neutral,Teaching
1133,2026-06-19,CIVIL,2,I am disappointed because the internet connection frequently fails. I hope the college addresses this issue.,Negative,Disappointed,Infrastructure
1031,2026-06-20,IT,4,"From my experience, the bus service is average.",Neutral,Neutral,Transport
794,2026-07-05,CIVIL,4,I am happy that the hostel environment is comfortable. This is helpful for students.,Positive,Happy,Hostel
73,2026-07-27,MECH,3,I feel disappointed that the classes are difficult to follow. I hope the college addresses this issue.,Negative,Disappointed,Teaching
923,2026-01-03,ECE,7,My experience has been good because the transport facilities are comfortable.,Positive,Satisfied,Transport
813,2026-07-06,AIDS,2,"Overall, the hostel facilities need improvement. Students need better support in this area.",Negative,Anxious,Hostel
1555,2026-03-25,EEE,2,"As a student, I am concerned that the scholarship process is complicated. This should be improved soon.",Negative,Anxious,Scholarship
78,2026-04-22,EEE,5,I am very unhappy that the faculty does not explain difficult topics clearly.,Negative,Angry,Teaching
945,2026-05-10,ECE,5,I am pleased that the routes are useful for students. This is helpful for students.,Positive,Satisfied,Transport
1297,2026-01-03,EEE,1,"As a student, I am concerned that the placement department provides little support. This should be improved soon.",Negative,Anxious,Placement
46,2026-04-18,MECH,4,I am satisfied because the faculty explains concepts clearly. This has improved my college experience.,Positive,Satisfied,Teaching
1510,2026-07-16,ECE,5,I feel happy because the scholarship information is easy to understand. This is helpful for students.,Positive,Happy,Scholarship
524,2026-04-16,IT,7,"As a student, I am concerned that many computers do not work properly.",Negative,Angry,Laboratory
233,2026-06-24,IT,3,I feel disappointed that teachers do not provide enough guidance. This should be improved soon.,Negative,Disappointed,Faculty
645,2026-06-16,CIVIL,6,"From my experience, the library collection is helpful for students. This is helpful for students.",Positive,Satisfied,Library
1323,2026-06-14,CSE,2,"Currently, the placement department provides basic support. I do not have a strong opinion about it.",Neutral,Neutral,Placement
1359,2026-07-30,CIVIL,4,"Overall, the exam timetable is clearly communicated. Overall, I am happy with the situation.",Positive,Satisfied,Examination
1080,2026-06-02,EEE,3,I am pleased that the campus WiFi works very well. This has improved my college experience.,Positive,Satisfied,Infrastructure
534,2026-02-28,CSE,1,I am very unhappy that the laboratory facilities need improvement. This should be improved soon.,Negative,Angry,Laboratory
1557,2026-08-21,AIDS,8,This makes me anxious because the application process takes too long. This is affecting the student experience.,Negative,Anxious,Scholarship
1360,2026-08-09,ECE,4,I am satisfied because the examination system is convenient. This is helpful for students.,Positive,Satisfied,Examination
604,2026-05-09,MECH,2,"I am satisfied because the digital library is very useful. Overall, I am happy with the situation.",Positive,Happy,Library
466,2026-03-23,EEE,2,I am satisfied because the laboratory equipment is modern. This is helpful for students.,Positive,Satisfied,Laboratory
1533,2026-04-26,CIVIL,4,I am pleased that students receive useful scholarship guidance. I appreciate the effort taken by the college.,Positive,Satisfied,Scholarship
789,2026-03-10,AIDS,7,I feel happy because the hostel environment is peaceful.,Positive,Happy,Hostel
1527,2026-08-16,AIDS,5,"I am happy that the scholarship procedure is convenient. Overall, I am happy with the situation.",Positive,Happy,Scholarship
1262,2026-07-28,MECH,2,I am frustrated because the placement opportunities are not diverse. I hope the college addresses this issue.,Negative,Anxious,Placement
1199,2026-03-20,MECH,3,"From my experience, the infrastructure meets basic requirements. This is acceptable for now.",Neutral,Neutral,Infrastructure
61,2026-03-17,AIDS,1,I am disappointed because the professor rushes through important concepts. This should be improved soon.,Negative,Angry,Teaching
1177,2026-01-25,CSE,6,"Currently, the classrooms follow the standard facilities.",Neutral,Neutral,Infrastructure
1714,2026-08-24,IT,8,This makes me angry because the food is not fresh.,Negative,Angry,Cafeteria
93,2026-04-27,ECE,3,I am disappointed because the classes are difficult to follow. I hope the college addresses this issue.,Negative,Anxious,Teaching
667,2026-05-19,AIDS,8,I am angry because many required books are unavailable. Students need better support in this area.,Negative,Angry,Library
986,2026-02-11,AIDS,1,I feel frustrated because the buses are uncomfortable. This is affecting the student experience.,Negative,Frustrated,Transport
1674,2026-03-06,AIDS,4,I am satisfied because the cafeteria is clean. This is helpful for students.,Positive,Satisfied,Cafeteria
195,2026-08-01,AIDS,7,"From my experience, the professors are approachable.",Positive,Happy,Faculty
281,2026-08-06,IT,7,"In my opinion, the faculty members are available during office hours. The current arrangement is reasonable.",Neutral,Neutral,Faculty
696,2026-01-03,IT,8,I feel disappointed that the library does not have enough books. Students need better support in this area.,Negative,Disappointed,Library
991,2026-09-25,CSE,2,I feel frustrated because the bus service is unreliable.,Negative,Frustrated,Transport
360,2026-03-09,MECH,5,I feel disappointed that the subjects have too much theoretical content. This should be improved soon.,Negative,Disappointed,Courses
1560,2026-01-04,ECE,5,I am frustrated because scholarship updates are not communicated properly. This should be improved soon.,Negative,Disappointed,Scholarship
520,2026-05-04,MECH,4,I feel frustrated because the practical classes are difficult because of equipment problems. This is affecting the student experience.,Negative,Frustrated,Laboratory
1294,2026-04-25,CIVIL,8,"As a student, I am concerned that the number of companies is too low. This should be improved soon.",Negative,Frustrated,Placement
1205,2026-06-13,AIDS,3,"I have had a good experience because students receive useful interview training. Overall, I am happy with the situation.",Positive,Satisfied,Placement
1357,2026-09-07,ECE,6,"As a student, I am happy that the evaluation system is organized. This has improved my college experience.",Positive,Satisfied,Examination
1619,2026-06-25,MECH,3,"In general, the application process is normal. I do not have a strong opinion about it.",Neutral,Neutral,Scholarship
848,2026-02-18,IT,3,This frustrates me because the hostel environment is uncomfortable. This should be improved soon.,Negative,Frustrated,Hostel
183,2026-03-18,ECE,2,I am happy with the fact that the professors are approachable. This is helpful for students.,Positive,Satisfied,Faculty
1229,2026-01-07,CIVIL,1,I am happy that the placement training is very useful.,Positive,Happy,Placement
1789,2026-02-06,CSE,8,I observed that the cafeteria prices are reasonable. This is the current situation.,Neutral,Neutral,Cafeteria
111,2026-09-13,MECH,8,"From my experience, the classes are conducted regularly. The current arrangement is reasonable.",Neutral,Neutral,Teaching
1103,2026-08-16,MECH,6,I am angry because the classrooms need better equipment. Students need better support in this area.,Negative,Angry,Infrastructure
1335,2026-09-25,IT,4,"Currently, the placement training is acceptable.",Neutral,Neutral,Placement
1107,2026-01-27,MECH,3,I am frustrated because the WiFi connection is very poor. This should be improved soon.,Negative,Frustrated,Infrastructure
43,2026-01-02,ECE,3,I really enjoy that the faculty explains concepts clearly.,Positive,Happy,Teaching
747,2026-09-13,CIVIL,4,I observed that the study space is acceptable. The current arrangement is reasonable.,Neutral,Neutral,Library
126,2026-07-30,IT,3,I observed that the teaching quality is acceptable. This is acceptable for now.,Neutral,Neutral,Teaching
205,2026-08-26,MECH,8,I feel frustrated because teachers do not provide enough guidance. This should be improved soon.,Negative,Frustrated,Faculty
1308,2026-02-21,EEE,1,"Currently, the training is available for students. I do not have a strong opinion about it.",Neutral,Neutral,Placement
53,2026-02-25,IT,7,I am very unhappy that the classes are difficult to follow.,Negative,Angry,Teaching
1402,2026-03-12,CIVIL,2,I feel disappointed that the exam arrangements are not convenient. Students need better support in this area.,Negative,Disappointed,Examination
546,2026-02-02,ECE,6,I am concerned because the lab facilities are not maintained properly. This should be improved soon.,Negative,Anxious,Laboratory
69,2026-03-20,MECH,4,I am frustrated because the professor spends too little time explaining concepts. This is affecting the student experience.,Negative,Frustrated,Teaching
1095,2026-04-17,IT,7,I am satisfied because the campus has good learning facilities. This is helpful for students.,Positive,Satisfied,Infrastructure
1748,2026-03-23,CIVIL,8,I am angry because the cafeteria is not clean.,Negative,Angry,Cafeteria
508,2026-05-17,CIVIL,3,I am angry because the computers frequently stop working. This should be improved soon.,Negative,Angry,Laboratory
1394,2026-09-13,MECH,8,I feel happy because the examination process is well organized.,Positive,Happy,Examination
330,2026-09-19,MECH,4,"I really enjoy that the course structure is easy to follow. Overall, I am happy with the situation.",Positive,Happy,Courses
1048,2026-03-12,EEE,2,"In general, the transport service is normal.",Neutral,Neutral,Transport
184,2026-03-08,IT,2,I am pleased that teachers give helpful suggestions. I appreciate the effort taken by the college.,Positive,Happy,Faculty
138,2026-03-01,CSE,1,I observed that the professor covers the required topics. I do not have a strong opinion about it.,Neutral,Neutral,Teaching
900,2026-04-22,CSE,2,"Currently, the rooms meet basic requirements. I do not have a strong opinion about it.",Neutral,Neutral,Hostel
797,2026-09-21,AIDS,2,I am happy that the hostel rooms are clean. I appreciate the effort taken by the college.,Positive,Happy,Hostel
133,2026-02-16,ECE,6,"From my experience, the teaching quality is acceptable. This is acceptable for now.",Neutral,Neutral,Teaching
81,2026-03-03,CIVIL,1,I am very unhappy that the professor rushes through important concepts. Students need better support in this area.,Negative,Angry,Teaching
1451,2026-09-11,MECH,4,I observed that the exams are conducted according to the plan. The current arrangement is reasonable.,Neutral,Neutral,Examination
542,2026-04-19,AIDS,5,I strongly feel that the laboratory computers are very slow. This is affecting the student experience.,Negative,Frustrated,Laboratory
1668,2026-01-18,MECH,7,"I am happy with the fact that the food quality is satisfactory. Overall, I am happy with the situation.",Positive,Satisfied,Cafeteria
984,2026-03-13,MECH,7,I am very unhappy that the bus service is poorly managed. Students need better support in this area.,Negative,Angry,Transport
166,2026-03-03,AIDS,8,I am pleased that faculty members respond quickly to doubts. This has improved my college experience.,Positive,Happy,Faculty
249,2026-07-14,CSE,4,This has been disappointing because the faculty members are not supportive. Students need better support in this area.,Negative,Disappointed,Faculty
447,2026-05-08,AIDS,8,"Currently, the course content is average.",Neutral,Neutral,Courses
1041,2026-02-05,ECE,4,I observed that the transport system meets basic requirements. This is acceptable for now.,Neutral,Neutral,Transport
859,2026-06-28,ECE,3,"Currently, the hostel facilities are average. This is the current situation.",Neutral,Neutral,Hostel
1097,2026-06-04,CIVIL,8,I am happy that the campus has good learning facilities. I appreciate the effort taken by the college.,Positive,Happy,Infrastructure
98,2026-08-15,ECE,7,"As a student, I am concerned that the teaching quality is poor. This is affecting the student experience.",Negative,Angry,Teaching
1774,2026-06-07,CIVIL,2,I observed that the food quality is adequate. This is acceptable for now.,Neutral,Neutral,Cafeteria
738,2026-05-30,EEE,8,"From my experience, the library facilities are normal. I do not have a strong opinion about it.",Neutral,Neutral,Library
1134,2026-01-14,IT,2,"As a student, I am concerned that the WiFi connection is very poor. This should be improved soon.",Negative,Disappointed,Infrastructure
103,2026-02-06,AIDS,3,"From my experience, the lectures are conducted as scheduled. This is acceptable for now.",Neutral,Neutral,Teaching
435,2026-05-01,EEE,5,"In my opinion, the subject content is adequate. The current arrangement is reasonable.",Neutral,Neutral,Courses
75,2026-01-26,ECE,7,I feel disappointed that the professor rushes through important concepts. This should be improved soon.,Negative,Disappointed,Teaching
1614,2026-04-10,IT,8,I observed that students can access the required information. I do not have a strong opinion about it.,Neutral,Neutral,Scholarship
1088,2026-02-21,CSE,5,I am happy that the college facilities are well maintained. This is helpful for students.,Positive,Happy,Infrastructure
919,2026-05-29,ECE,4,I am satisfied because the bus routes are convenient.,Positive,Satisfied,Transport
1546,2026-03-17,CSE,3,I am pleased that the application instructions are clear.,Positive,Satisfied,Scholarship
1744,2026-07-25,AIDS,3,I am disappointed because the food is not fresh. I hope the college addresses this issue.,Negative,Angry,Cafeteria
1551,2026-01-14,CSE,3,This frustrates me because the scholarship procedure is difficult. Students need better support in this area.,Negative,Frustrated,Scholarship
763,2026-05-11,MECH,7,I am pleased that the hostel provides useful facilities.,Positive,Satisfied,Hostel
990,2026-07-09,AIDS,7,This has been disappointing because transport facilities need improvement. This should be improved soon.,Negative,Disappointed,Transport
389,2026-05-06,CSE,1,I am disappointed because the workload creates unnecessary pressure. Students need better support in this area.,Negative,Disappointed,Courses
236,2026-08-03,CSE,3,I feel frustrated because teachers do not provide enough guidance. Students need better support in this area.,Negative,Frustrated,Faculty
268,2026-08-17,CIVIL,5,"From my experience, faculty members are available when required. This is acceptable for now.",Neutral,Neutral,Faculty
1075,2026-01-06,CSE,6,I really enjoy that the internet facilities are reliable. This is helpful for students.,Positive,Happy,Infrastructure
118,2026-09-05,ECE,6,"In my opinion, the current teaching system is normal. The current arrangement is reasonable.",Neutral,Neutral,Teaching
1449,2026-03-06,IT,4,I am very unhappy that the exam arrangements are not convenient. This should be improved soon.,Negative,Angry,Examination
674,2026-04-27,EEE,4,I am not satisfied because there are not enough study spaces. Students need better support in this area.,Negative,Frustrated,Library
250,2026-08-03,CSE,7,I feel frustrated because the faculty members are not supportive. I hope the college addresses this issue.,Negative,Frustrated,Faculty
1448,2026-07-05,MECH,8,This frustrates me because the timetable is difficult to understand.,Negative,Frustrated,Examination
95,2026-05-26,EEE,8,I am disappointed because the teaching methods are confusing. Students need better support in this area.,Negative,Disappointed,Teaching
34,2026-03-22,AIDS,2,I really enjoy that the professor encourages students to ask questions. This is helpful for students.,Positive,Happy,Teaching
1318,2026-05-20,CIVIL,6,"At present, the training is available for students. The current arrangement is reasonable.",Neutral,Neutral,Placement
1507,2026-04-26,ECE,1,I am satisfied because the college provides good scholarship guidance. This has improved my college experience.,Positive,Satisfied,Scholarship
449,2026-08-17,CSE,8,"From my experience, the syllabus covers the required topics. The current arrangement is reasonable.",Neutral,Neutral,Courses
717,2026-09-14,CSE,4,I observed that the study space is acceptable. I do not have a strong opinion about it.,Neutral,Neutral,Library
1489,2026-08-30,EEE,5,I observed that the evaluation process follows the rules. This is the current situation.,Neutral,Neutral,Examination
1680,2026-07-25,ECE,7,I am pleased that the cafeteria has reasonable options.,Positive,Satisfied,Cafeteria
1,2026-03-13,MECH,2,"I really appreciate that the professor explains difficult topics well. Overall, I am happy with the situation.",Positive,Happy,Teaching
1237,2026-03-18,MECH,5,I am happy with the fact that the training improves employability skills. I appreciate the effort taken by the college.,Positive,Satisfied,Placement
83,2026-03-20,EEE,3,I feel frustrated because the lectures are not interesting. This is affecting the student experience.,Negative,Frustrated,Teaching
1675,2026-03-06,CIVIL,6,I feel happy because the staff provide good service. This has improved my college experience.,Positive,Happy,Cafeteria
677,2026-06-12,AIDS,2,I strongly feel that there are too few seats for students. This should be improved soon.,Negative,Angry,Library
1306,2026-02-22,AIDS,8,"Overall, the placement process follows the normal schedule. The current arrangement is reasonable.",Neutral,Neutral,Placement
1047,2026-05-06,CSE,4,"For me, the bus service is average. The current arrangement is reasonable.",Neutral,Neutral,Transport
771,2026-08-14,AIDS,8,"I really enjoy that the rooms are spacious and clean. Overall, I am happy with the situation.",Positive,Happy,Hostel
1101,2026-05-02,MECH,7,I am frustrated because the campus facilities are poorly maintained. I hope the college addresses this issue.,Negative,Frustrated,Infrastructure
1169,2026-04-21,CSE,4,I observed that the campus infrastructure is average. This is the current situation.,Neutral,Neutral,Infrastructure
1426,2026-06-06,AIDS,6,I am not satisfied because students receive exam information too late.,Negative,Angry,Examination
1341,2026-07-24,CSE,2,The current situation is that the current placement opportunities are reasonable. This is acceptable for now.,Neutral,Neutral,Placement
405,2026-05-24,EEE,3,I observed that the course content is average. This is the current situation.,Neutral,Neutral,Courses
1559,2026-07-06,AIDS,3,I feel disappointed that the available guidance is insufficient. I hope the college addresses this issue.,Negative,Disappointed,Scholarship
1171,2026-08-22,AIDS,5,I observed that the infrastructure meets basic requirements. I do not have a strong opinion about it.,Neutral,Neutral,Infrastructure
105,2026-05-09,AIDS,2,"From my experience, the teaching follows the department plan. This is the current situation.",Neutral,Neutral,Teaching
689,2026-08-20,AIDS,2,I am unhappy because important reference books are missing. This is affecting the student experience.,Negative,Frustrated,Library
1176,2026-09-08,AIDS,6,"Currently, the WiFi works normally. This is the current situation.",Neutral,Neutral,Infrastructure
827,2026-03-06,EEE,5,I am very unhappy that the hostel food is poor. Students need better support in this area.,Negative,Angry,Hostel
63,2026-02-24,CIVIL,7,I am disappointed because the faculty needs to improve the teaching methods.,Negative,Disappointed,Teaching
853,2026-09-25,CIVIL,6,"From my experience, the hostel services are satisfactory. The current arrangement is reasonable.",Neutral,Neutral,Hostel
1587,2026-09-19,CIVIL,4,"As a student, I am concerned that the application requirements are confusing. Students need better support in this area.",Negative,Frustrated,Scholarship
224,2026-03-06,ECE,2,I strongly feel that professors do not give enough academic guidance.,Negative,Disappointed,Faculty
146,2026-03-09,AIDS,6,"In general, the teaching is average.",Neutral,Neutral,Teaching
1089,2026-05-20,CSE,8,I am happy with the fact that the campus WiFi works very well.,Positive,Satisfied,Infrastructure
374,2026-01-31,CIVIL,7,I am frustrated because the course workload is too high.,Negative,Frustrated,Courses
1277,2026-04-19,MECH,8,This makes me anxious because very few companies visit the campus. This is affecting the student experience.,Negative,Anxious,Placement
1645,2026-04-28,MECH,4,"For me, the current procedure is acceptable. This is the current situation.",Neutral,Neutral,Scholarship
1346,2026-08-05,CSE,5,"Currently, the placement process follows the normal schedule. I do not have a strong opinion about it.",Neutral,Neutral,Placement
1647,2026-07-12,AIDS,8,"In my opinion, the scholarship information is available.",Neutral,Neutral,Scholarship
1147,2026-05-26,CSE,1,I am very unhappy that the classrooms are too hot. This should be improved soon.,Negative,Angry,Infrastructure
10,2026-08-25,EEE,5,"I am happy that the faculty makes difficult subjects easier to understand. Overall, I am happy with the situation.",Positive,Happy,Teaching
450,2026-05-26,AIDS,7,"From my experience, the course structure is normal.",Neutral,Neutral,Courses
709,2026-09-17,IT,6,I observed that the library collection is reasonable. This is the current situation.,Neutral,Neutral,Library
256,2026-07-22,CIVIL,6,"Currently, teachers provide the required information. I do not have a strong opinion about it.",Neutral,Neutral,Faculty
883,2026-06-16,AIDS,8,I observed that the hostel rooms are acceptable.,Neutral,Neutral,Hostel
390,2026-06-21,AIDS,7,I feel frustrated because the course structure is difficult to follow.,Negative,Frustrated,Courses
909,2026-04-05,MECH,8,I am satisfied because the college provides good transport support.,Positive,Satisfied,Transport
925,2026-03-09,AIDS,6,I really enjoy that the transport service is reliable. I appreciate the effort taken by the college.,Positive,Happy,Transport
1539,2026-01-05,CSE,7,I am happy that the college provides good scholarship guidance. This has improved my college experience.,Positive,Happy,Scholarship
1602,2026-07-06,MECH,7,I observed that students receive basic scholarship information. This is the current situation.,Neutral,Neutral,Scholarship
461,2026-08-04,CIVIL,6,I am happy that the laboratory environment is good. This has improved my college experience.,Positive,Happy,Laboratory
1146,2026-08-24,ECE,3,I am angry because the infrastructure is not maintained properly. Students need better support in this area.,Negative,Angry,Infrastructure
959,2026-08-18,MECH,7,This frustrates me because the buses are uncomfortable. I hope the college addresses this issue.,Negative,Frustrated,Transport
502,2026-07-18,MECH,6,I am unhappy because the laboratory needs better computers.,Negative,Angry,Laboratory
740,2026-03-07,CIVIL,5,"Currently, the library facilities are average. I do not have a strong opinion about it.",Neutral,Neutral,Library
1665,2026-02-12,MECH,2,"I am satisfied because the cafeteria has reasonable options. Overall, I am happy with the situation.",Positive,Happy,Cafeteria
869,2026-05-23,CIVIL,5,"From my experience, the hostel environment is normal. I do not have a strong opinion about it.",Neutral,Neutral,Hostel
732,2026-07-25,IT,7,The current situation is that the required books are generally available. I do not have a strong opinion about it.,Neutral,Neutral,Library
540,2026-02-25,CSE,2,I feel disappointed that the lab facilities are not maintained properly. This is affecting the student experience.,Negative,Disappointed,Laboratory
698,2026-04-17,AIDS,3,This frustrates me because important reference books are missing. I hope the college addresses this issue.,Negative,Frustrated,Library
1253,2026-05-13,IT,5,I am very unhappy that the placement preparation is inadequate. This is affecting the student experience.,Negative,Angry,Placement
1238,2026-09-13,MECH,6,I am satisfied because the placement process is well organized. This has improved my college experience.,Positive,Satisfied,Placement
1032,2026-03-05,AIDS,1,"In my opinion, the buses follow the regular schedule. The current arrangement is reasonable.",Neutral,Neutral,Transport
373,2026-08-30,CIVIL,2,This has been disappointing because the workload creates unnecessary pressure. This should be improved soon.,Negative,Disappointed,Courses
668,2026-02-25,AIDS,5,I feel frustrated because the library does not have enough books. I hope the college addresses this issue.,Negative,Frustrated,Library
1375,2026-03-13,IT,5,I have had a good experience because the examination process is well organized.,Positive,Happy,Examination
358,2026-09-06,CIVIL,6,I feel worried because the curriculum needs improvement. Students need better support in this area.,Negative,Anxious,Courses
968,2026-02-22,CIVIL,1,I am frustrated because the college buses are overcrowded.,Negative,Disappointed,Transport
784,2026-01-08,CSE,1,"I feel happy because the maintenance service is good. Overall, I am happy with the situation.",Positive,Happy,Hostel
736,2026-07-27,AIDS,2,"From my experience, the required books are generally available. This is the current situation.",Neutral,Neutral,Library
1036,2026-06-23,MECH,1,"Generally, the bus facilities are reasonable.",Neutral,Neutral,Transport
971,2026-05-06,CIVIL,8,I am very unhappy that the bus service is unreliable.,Negative,Angry,Transport
1374,2026-08-04,EEE,8,I am pleased that the examination schedule is easy to understand. I appreciate the effort taken by the college.,Positive,Satisfied,Examination
1339,2026-04-17,CIVIL,6,I observed that the training is available for students. This is the current situation.,Neutral,Neutral,Placement
1343,2026-05-17,AIDS,8,"From my experience, companies visit the campus regularly. This is acceptable for now.",Neutral,Neutral,Placement
1746,2026-05-23,CIVIL,4,I feel frustrated because the cafeteria has limited variety. This is affecting the student experience.,Negative,Frustrated,Cafeteria
1550,2026-08-06,IT,7,I really enjoy that the application instructions are clear. This has improved my college experience.,Positive,Happy,Scholarship
886,2026-09-12,MECH,2,"From my experience, the hostel follows the required rules. This is acceptable for now.",Neutral,Neutral,Hostel
80,2026-07-23,MECH,4,I strongly feel that the teaching quality is poor. This is affecting the student experience.,Negative,Frustrated,Teaching
815,2026-02-28,MECH,8,I am very unhappy that maintenance complaints are not handled quickly. This should be improved soon.,Negative,Angry,Hostel
1160,2026-04-26,AIDS,8,"Currently, the WiFi works normally. The current arrangement is reasonable.",Neutral,Neutral,Infrastructure
672,2026-02-01,MECH,5,This makes me anxious because the library collection is outdated. I hope the college addresses this issue.,Negative,Anxious,Library
1381,2026-03-03,IT,2,"I am happy that the exam process is convenient for students. Overall, I am happy with the situation.",Positive,Happy,Examination
58,2026-01-01,ECE,5,I am very unhappy that the faculty needs to improve the teaching methods. This is affecting the student experience.,Negative,Angry,Teaching
134,2026-03-14,CIVIL,4,"In my opinion, the teaching quality is acceptable.",Neutral,Neutral,Teaching
1141,2026-06-17,EEE,5,"Overall, the classrooms are uncomfortable. This should be improved soon.",Negative,Disappointed,Infrastructure
934,2026-03-04,EEE,6,"Overall, the transport facilities are comfortable. This has improved my college experience.",Positive,Happy,Transport
1576,2026-02-10,MECH,8,This makes me anxious because scholarship updates are not communicated properly. Students need better support in this area.,Negative,Anxious,Scholarship
824,2026-05-14,CSE,8,I am worried because the hostel environment is noisy. This should be improved soon.,Negative,Angry,Hostel
505,2026-06-26,MECH,3,This makes me angry because the practical classes are difficult because of equipment problems. I hope the college addresses this issue.,Negative,Angry,Laboratory
1632,2026-03-13,CIVIL,2,"From my experience, the current procedure is acceptable.",Neutral,Neutral,Scholarship
348,2026-06-02,CIVIL,1,"I am happy that the course content is relevant to industry. Overall, I am happy with the situation.",Positive,Happy,Courses
387,2026-06-17,AIDS,8,I am worried because the course structure is difficult to follow. I hope the college addresses this issue.,Negative,Frustrated,Courses
1025,2026-06-15,EEE,7,"Currently, the transport service is normal.",Neutral,Neutral,Transport
895,2026-03-23,ECE,3,I observed that the maintenance service is adequate. This is acceptable for now.,Neutral,Neutral,Hostel
829,2026-06-04,AIDS,1,I am disappointed because the rooms require better maintenance. Students need better support in this area.,Negative,Disappointed,Hostel
1700,2026-02-15,ECE,6,I am satisfied because the cafeteria environment is comfortable. I appreciate the effort taken by the college.,Positive,Satisfied,Cafeteria
476,2026-03-12,EEE,2,"As a student, I am happy that the practical classes improve our skills. This has improved my college experience.",Positive,Satisfied,Laboratory
1325,2026-08-11,ECE,6,"Currently, the career support system is adequate. I do not have a strong opinion about it.",Neutral,Neutral,Placement
1601,2026-01-15,CIVIL,4,I observed that scholarship details are provided. This is acceptable for now.,Neutral,Neutral,Scholarship
653,2026-06-28,CIVIL,7,I am disappointed because the library does not have enough books. I hope the college addresses this issue.,Negative,Disappointed,Library
173,2026-03-17,CSE,2,"From my experience, the faculty is cooperative. This has improved my college experience.",Positive,Happy,Faculty
1150,2026-07-20,ECE,3,I am unhappy because the campus facilities are poorly maintained. This is affecting the student experience.,Negative,Frustrated,Infrastructure
39,2026-05-06,ECE,5,I am pleased that the lectures are interesting and informative.,Positive,Satisfied,Teaching
714,2026-06-23,EEE,3,I observed that the required books are generally available.,Neutral,Neutral,Library
91,2026-03-03,MECH,4,I feel disappointed that the professor does not answer student questions properly. This should be improved soon.,Negative,Disappointed,Teaching
1740,2026-04-07,ECE,1,I feel frustrated because the cafeteria food is poor. This is affecting the student experience.,Negative,Frustrated,Cafeteria
876,2026-08-15,EEE,1,"From my experience, the hostel follows the regular schedule. I do not have a strong opinion about it.",Neutral,Neutral,Hostel
1701,2026-02-16,MECH,7,I am very unhappy that the service is poorly managed.,Negative,Angry,Cafeteria
1094,2026-01-23,EEE,2,"I am satisfied because the campus infrastructure is modern. Overall, I am happy with the situation.",Positive,Happy,Infrastructure
1156,2026-01-27,AIDS,6,"From my experience, the classrooms are acceptable. This is acceptable for now.",Neutral,Neutral,Infrastructure
1536,2026-08-11,ECE,5,"I am happy with the fact that the scholarship information is clearly provided. Overall, I am happy with the situation.",Positive,Satisfied,Scholarship
1759,2026-01-30,CIVIL,7,I observed that the cafeteria prices are reasonable. The current arrangement is reasonable.,Neutral,Neutral,Cafeteria
500,2026-09-16,CSE,8,I feel positive about the fact that the laboratory equipment is modern. I appreciate the effort taken by the college.,Positive,Happy,Laboratory
339,2026-02-13,MECH,3,I am pleased that the subjects help students develop useful skills. This is helpful for students.,Positive,Happy,Courses
29,2026-08-18,CSE,7,I am happy that the professor encourages students to ask questions. This is helpful for students.,Positive,Happy,Teaching
1191,2026-04-12,AIDS,3,"From my experience, the internet service is acceptable. I do not have a strong opinion about it.",Neutral,Neutral,Infrastructure
1792,2026-02-01,EEE,3,"Currently, the available options are reasonable. The current arrangement is reasonable.",Neutral,Neutral,Cafeteria
946,2026-08-25,CSE,3,"Overall, the college provides good transport support.",Positive,Happy,Transport
170,2026-07-05,AIDS,7,I am happy with the fact that the faculty members are supportive. I appreciate the effort taken by the college.,Positive,Satisfied,Faculty
913,2026-07-21,EEE,4,"I really enjoy that the transport service is reliable. Overall, I am happy with the situation.",Positive,Happy,Transport
492,2026-05-01,AIDS,8,I really enjoy that the practical exercises are useful. I appreciate the effort taken by the college.,Positive,Happy,Laboratory
954,2026-08-30,AIDS,8,My experience has been difficult because the buses are often late. This is affecting the student experience.,Negative,Angry,Transport
1098,2026-06-16,MECH,7,I am happy that the campus WiFi works very well. This is helpful for students.,Positive,Happy,Infrastructure
1033,2026-06-04,IT,7,"In my opinion, the transport facilities are acceptable.",Neutral,Neutral,Transport
588,2026-09-04,ECE,6,The current situation is that the current lab arrangements are acceptable.,Neutral,Neutral,Laboratory
751,2026-01-06,EEE,8,I am pleased that the hostel facilities are good. This is helpful for students.,Positive,Satisfied,Hostel
658,2026-07-24,IT,7,I feel frustrated because important reference books are missing.,Negative,Frustrated,Library
235,2026-05-17,EEE,4,I feel frustrated because professors do not give enough academic guidance.,Negative,Frustrated,Faculty
733,2026-02-03,ECE,4,"From my experience, the study space is acceptable. I do not have a strong opinion about it.",Neutral,Neutral,Library
1473,2026-05-01,MECH,6,"Generally, the examination process is normal. I do not have a strong opinion about it.",Neutral,Neutral,Examination
1157,2026-01-18,AIDS,4,"At present, the classrooms follow the standard facilities. This is acceptable for now.",Neutral,Neutral,Infrastructure
1324,2026-02-22,IT,5,"Currently, the current placement opportunities are reasonable. This is acceptable for now.",Neutral,Neutral,Placement
1469,2026-06-12,CSE,1,"Currently, the examination schedule is standard. The current arrangement is reasonable.",Neutral,Neutral,Examination
935,2026-05-18,IT,1,I feel positive about the fact that the buses are well maintained. I appreciate the effort taken by the college.,Positive,Satisfied,Transport
1066,2026-08-31,CSE,8,"I feel happy because the classrooms have useful equipment. Overall, I am happy with the situation.",Positive,Happy,Infrastructure
109,2026-01-19,EEE,2,I observed that the professor completes the scheduled topics. I do not have a strong opinion about it.,Neutral,Neutral,Teaching
1390,2026-06-30,MECH,6,"I am satisfied because the examination rules are clearly communicated. Overall, I am happy with the situation.",Positive,Satisfied,Examination
569,2026-06-07,IT,6,"From my experience, the laboratory equipment is average. This is the current situation.",Neutral,Neutral,Laboratory
1168,2026-09-19,CSE,2,The current situation is that the classrooms are acceptable. This is the current situation.,Neutral,Neutral,Infrastructure
1175,2026-05-20,CSE,4,"From my experience, the WiFi works normally. This is the current situation.",Neutral,Neutral,Infrastructure
891,2026-05-18,MECH,7,I observed that the hostel facilities are average. I do not have a strong opinion about it.,Neutral,Neutral,Hostel
948,2026-04-05,AIDS,5,"I am satisfied because the transport facilities are comfortable. Overall, I am happy with the situation.",Positive,Satisfied,Transport
1049,2026-07-10,MECH,3,I observed that the buses operate according to the timetable. This is the current situation.,Neutral,Neutral,Transport
1215,2026-02-08,CSE,8,I am happy with the fact that the career guidance sessions are helpful. This is helpful for students.,Positive,Satisfied,Placement
1233,2026-04-27,EEE,7,I am satisfied because the placement department provides good support.,Positive,Satisfied,Placement
1302,2026-02-17,AIDS,7,"Currently, the placement process follows the normal schedule.",Neutral,Neutral,Placement
885,2026-09-12,IT,6,"Currently, the maintenance service is adequate. This is the current situation.",Neutral,Neutral,Hostel
1511,2026-04-21,AIDS,3,"I am satisfied because the college provides good scholarship guidance. Overall, I am happy with the situation.",Positive,Satisfied,Scholarship
851,2026-04-07,CIVIL,2,"Currently, the hostel follows the required rules. This is acceptable for now.",Neutral,Neutral,Hostel
735,2026-02-28,IT,8,"Generally, the library follows normal working hours. I do not have a strong opinion about it.",Neutral,Neutral,Library
718,2026-06-17,CSE,2,The current situation is that the required books are generally available. This is the current situation.,Neutral,Neutral,Library
455,2026-02-02,ECE,5,I am satisfied because the practical exercises are useful. I appreciate the effort taken by the college.,Positive,Satisfied,Laboratory
265,2026-08-28,ECE,4,"From my experience, teachers follow the normal academic process. The current arrangement is reasonable.",Neutral,Neutral,Faculty
76,2026-05-23,CIVIL,7,I am very unhappy that the professor does not answer student questions properly. This is affecting the student experience.,Negative,Angry,Teaching
445,2026-09-22,CIVIL,6,"From my experience, the syllabus covers the required topics. I do not have a strong opinion about it.",Neutral,Neutral,Courses
396,2026-07-28,AIDS,6,I feel frustrated because some subjects contain outdated content. I hope the college addresses this issue.,Negative,Frustrated,Courses
177,2026-01-30,ECE,5,I really enjoy that teachers are willing to help outside class.,Positive,Happy,Faculty
1043,2026-09-11,CSE,1,"From my experience, the transport system meets basic requirements.",Neutral,Neutral,Transport
1566,2026-05-05,CIVIL,8,I feel that students face delays in the scholarship process is a serious problem. This is affecting the student experience.,Negative,Disappointed,Scholarship
1260,2026-01-25,ECE,2,I feel frustrated because students need better career guidance.,Negative,Frustrated,Placement
1241,2026-07-17,ECE,6,"I am happy that many companies visit the campus. Overall, I am happy with the situation.",Positive,Happy,Placement
596,2026-06-11,CIVIL,8,"Currently, the laboratory equipment is average. The current arrangement is reasonable.",Neutral,Neutral,Laboratory
62,2026-08-01,MECH,4,I am disappointed because the lecturer does not give enough examples. This is affecting the student experience.,Negative,Disappointed,Teaching
873,2026-02-19,CIVIL,2,"Currently, the hostel facilities are normal. The current arrangement is reasonable.",Neutral,Neutral,Hostel
1342,2026-02-22,CSE,8,"From my experience, the placement process follows the normal schedule. The current arrangement is reasonable.",Neutral,Neutral,Placement
1690,2026-08-10,EEE,1,I am happy with the fact that the cafeteria is clean. I appreciate the effort taken by the college.,Positive,Satisfied,Cafeteria
279,2026-03-10,MECH,6,"Currently, professor interaction is acceptable. The current arrangement is reasonable.",Neutral,Neutral,Faculty
37,2026-06-03,EEE,6,"I am pleased that the lecturer gives useful examples. Overall, I am happy with the situation.",Positive,Satisfied,Teaching
1366,2026-01-21,CSE,5,"Overall, the evaluation process is transparent. I appreciate the effort taken by the college.",Positive,Happy,Examination
663,2026-02-27,MECH,1,I am unhappy because the library facilities need improvement.,Negative,Angry,Library
1626,2026-04-17,MECH,5,"Overall, scholarship details are provided. This is acceptable for now.",Neutral,Neutral,Scholarship
1300,2026-03-30,EEE,6,This has been disappointing because students need better career guidance. This is affecting the student experience.,Negative,Disappointed,Placement
978,2026-08-15,MECH,6,I strongly feel that the buses are uncomfortable. Students need better support in this area.,Negative,Angry,Transport
1417,2026-04-03,ECE,1,I am frustrated because the evaluation process needs improvement. This is affecting the student experience.,Negative,Frustrated,Examination
739,2026-06-05,EEE,6,"For me, the study space is acceptable. This is the current situation.",Neutral,Neutral,Library
192,2026-03-12,CIVIL,5,I really appreciate that faculty members provide good guidance. This is helpful for students.,Positive,Satisfied,Faculty
920,2026-08-23,AIDS,1,"From my experience, the college provides good transport support. This is helpful for students.",Positive,Satisfied,Transport
457,2026-09-12,ECE,5,I am satisfied because the laboratory equipment is modern.,Positive,Satisfied,Laboratory
676,2026-03-12,ECE,3,This makes me angry because the library facilities need improvement. This should be improved soon.,Negative,Angry,Library
761,2026-08-11,AIDS,5,I am satisfied because the hostel provides useful facilities. This is helpful for students.,Positive,Satisfied,Hostel
1627,2026-06-16,IT,4,"From my experience, students can access the required information. I do not have a strong opinion about it.",Neutral,Neutral,Scholarship
729,2026-05-13,ECE,7,I observed that the reading area is adequate. This is acceptable for now.,Neutral,Neutral,Library
413,2026-06-08,CSE,8,I observed that the course follows the planned syllabus. I do not have a strong opinion about it.,Neutral,Neutral,Courses
1099,2026-09-04,AIDS,6,I am happy with the fact that the classrooms are comfortable. This has improved my college experience.,Positive,Satisfied,Infrastructure
826,2026-03-31,CIVIL,3,I am worried because the hostel food is poor. This should be improved soon.,Negative,Angry,Hostel
1348,2026-05-03,AIDS,2,"Generally, companies visit the campus regularly. This is the current situation.",Neutral,Neutral,Placement
617,2026-05-29,AIDS,8,"I am satisfied because the reading environment is comfortable. Overall, I am happy with the situation.",Positive,Happy,Library
115,2026-09-05,EEE,4,"From my experience, the teaching follows the department plan. I do not have a strong opinion about it.",Neutral,Neutral,Teaching
418,2026-04-04,IT,6,"Generally, the course structure is normal.",Neutral,Neutral,Courses
1715,2026-08-18,IT,1,I am disappointed because the cafeteria environment is uncomfortable.,Negative,Disappointed,Cafeteria
970,2026-07-06,ECE,3,I am frustrated because the buses are uncomfortable. This should be improved soon.,Negative,Disappointed,Transport
605,2026-08-31,IT,1,I am happy that the library facilities are excellent.,Positive,Happy,Library
1722,2026-06-19,AIDS,2,I feel frustrated because the cafeteria is not clean.,Negative,Frustrated,Cafeteria
90,2026-08-06,MECH,6,This makes me anxious because the classes are difficult to follow. I hope the college addresses this issue.,Negative,Anxious,Teaching
849,2026-07-05,AIDS,6,I am worried because maintenance complaints are not handled quickly. I hope the college addresses this issue.,Negative,Anxious,Hostel
1526,2026-02-01,AIDS,4,I have had a good experience because the scholarship procedure is convenient. I appreciate the effort taken by the college.,Positive,Happy,Scholarship
1721,2026-04-10,CSE,3,This frustrates me because the service is poorly managed. This should be improved soon.,Negative,Frustrated,Cafeteria
754,2026-01-14,ECE,8,I feel happy because the accommodation is comfortable. This has improved my college experience.,Positive,Happy,Hostel
499,2026-02-25,CIVIL,7,I am happy that the equipment is sufficient for practical work. This has improved my college experience.,Positive,Happy,Laboratory
12,2026-04-19,MECH,8,I am happy with the fact that the faculty uses practical examples during lectures. This has improved my college experience.,Positive,Satisfied,Teaching
397,2026-02-16,CSE,5,I feel disappointed that the course material is confusing.,Negative,Disappointed,Courses
285,2026-05-02,ECE,3,"Currently, faculty support is average. This is the current situation.",Neutral,Neutral,Faculty
1067,2026-08-08,CIVIL,7,"From my experience, the campus environment is comfortable. Overall, I am happy with the situation.",Positive,Satisfied,Infrastructure
1192,2026-05-09,CSE,8,"Overall, the internet service is acceptable. This is acceptable for now.",Neutral,Neutral,Infrastructure
691,2026-06-15,MECH,3,I am frustrated because important reference books are missing. I hope the college addresses this issue.,Negative,Angry,Library
1472,2026-04-17,MECH,3,I observed that the examination procedure is normal. I do not have a strong opinion about it.,Neutral,Neutral,Examination
1687,2026-03-05,IT,8,I am pleased that the food quality is consistently good. This has improved my college experience.,Positive,Satisfied,Cafeteria
690,2026-01-13,CSE,8,I am very unhappy that there are not enough study spaces. This is affecting the student experience.,Negative,Angry,Library
852,2026-01-09,EEE,6,"In general, the hostel follows the regular schedule. This is acceptable for now.",Neutral,Neutral,Hostel
160,2026-02-16,MECH,4,I am happy with the fact that teachers provide useful academic guidance.,Positive,Satisfied,Faculty
896,2026-04-01,MECH,1,I observed that the hostel facilities are average. The current arrangement is reasonable.,Neutral,Neutral,Hostel
1421,2026-02-23,AIDS,6,This makes me anxious because the evaluation system is unclear. Students need better support in this area.,Negative,Anxious,Examination
258,2026-05-20,CSE,2,"Currently, teachers follow the normal academic process. This is the current situation.",Neutral,Neutral,Faculty
336,2026-02-22,CIVIL,3,I feel happy because the course material is informative.,Positive,Happy,Courses
1691,2026-09-18,ECE,7,I am pleased that the cafeteria is clean. This has improved my college experience.,Positive,Satisfied,Cafeteria
1040,2026-07-08,AIDS,3,"From my experience, the transport facilities are acceptable. This is the current situation.",Neutral,Neutral,Transport
516,2026-01-27,CIVIL,5,I feel frustrated because the laboratory facilities need improvement. Students need better support in this area.,Negative,Frustrated,Laboratory
1016,2026-07-31,IT,8,I observed that the transport service is normal. This is acceptable for now.,Neutral,Neutral,Transport
769,2026-05-22,CIVIL,7,I am satisfied because the hostel staff are helpful. I appreciate the effort taken by the college.,Positive,Satisfied,Hostel
1575,2026-04-18,IT,3,This has been disappointing because the application requirements are confusing. This is affecting the student experience.,Negative,Disappointed,Scholarship
762,2026-02-19,IT,6,"As a student, I am happy that the maintenance service is good.",Positive,Satisfied,Hostel
1247,2026-03-02,MECH,3,"Overall, the career guidance sessions are helpful. Overall, I am happy with the situation.",Positive,Happy,Placement
1204,2026-06-05,AIDS,5,I am pleased that the placement team provides good guidance.,Positive,Satisfied,Placement
1513,2026-06-04,IT,2,I am pleased that the scholarship procedure is convenient. This has improved my college experience.,Positive,Satisfied,Scholarship
1784,2026-07-14,EEE,1,I observed that the cafeteria food is average. I do not have a strong opinion about it.,Neutral,Neutral,Cafeteria
522,2026-09-07,AIDS,5,This makes me anxious because the laboratory computers are very slow. This is affecting the student experience.,Negative,Anxious,Laboratory
23,2026-09-22,EEE,2,"From my experience, the classes are easy to understand. I appreciate the effort taken by the college.",Positive,Satisfied,Teaching
357,2026-09-11,ECE,6,I feel disappointed that the course material is not updated regularly. This should be improved soon.,Negative,Disappointed,Courses
1278,2026-08-29,CSE,4,This makes me anxious because very few companies visit the campus. This should be improved soon.,Negative,Anxious,Placement
1520,2026-09-03,EEE,1,I am happy that the scholarship procedure is convenient. This has improved my college experience.,Positive,Happy,Scholarship
341,2026-07-16,EEE,3,I am satisfied because the course content is relevant to industry. This is helpful for students.,Positive,Satisfied,Courses
432,2026-08-17,AIDS,5,"For me, the course content is average. This is acceptable for now.",Neutral,Neutral,Courses
474,2026-03-01,EEE,8,"Overall, the laboratory provides good hands-on experience.",Positive,Happy,Laboratory
218,2026-05-14,MECH,8,I am frustrated because some teachers are not cooperative. I hope the college addresses this issue.,Negative,Disappointed,Faculty
912,2026-03-30,MECH,6,I am satisfied because the transport facilities are comfortable. This has improved my college experience.,Positive,Satisfied,Transport
1228,2026-07-26,AIDS,3,I am happy that the placement department provides good support. I appreciate the effort taken by the college.,Positive,Happy,Placement
1554,2026-07-18,MECH,8,I am very unhappy that scholarship updates are not communicated properly. I hope the college addresses this issue.,Negative,Angry,Scholarship
1012,2026-04-19,IT,5,"At present, the college buses are available as scheduled. This is the current situation.",Neutral,Neutral,Transport
1751,2026-09-03,AIDS,2,I observed that the food variety is acceptable. I do not have a strong opinion about it.,Neutral,Neutral,Cafeteria
94,2026-01-24,AIDS,5,I am unhappy because the classes are difficult to follow. I hope the college addresses this issue.,Negative,Frustrated,Teaching
1009,2026-04-15,CIVIL,3,"Currently, the current routes are adequate. The current arrangement is reasonable.",Neutral,Neutral,Transport
1071,2026-07-20,EEE,4,I am satisfied because the infrastructure supports student learning. This has improved my college experience.,Positive,Happy,Infrastructure
1093,2026-04-09,MECH,2,I am satisfied because the classroom facilities are excellent. This has improved my college experience.,Positive,Satisfied,Infrastructure
1624,2026-06-11,EEE,5,"From my experience, students can access the required information. This is the current situation.",Neutral,Neutral,Scholarship
697,2026-07-29,EEE,2,I am very unhappy that the library facilities need improvement. This is affecting the student experience.,Negative,Angry,Library
1615,2026-09-10,MECH,3,"Generally, the scholarship information is available. This is the current situation.",Neutral,Neutral,Scholarship
997,2026-05-23,MECH,2,This makes me anxious because the transport service causes delays. This is affecting the student experience.,Negative,Anxious,Transport
154,2026-03-08,IT,1,I am happy with the fact that the professors are approachable. This has improved my college experience.,Positive,Satisfied,Faculty
1100,2026-09-15,IT,1,"I am happy with the fact that the classroom facilities are excellent. Overall, I am happy with the situation.",Positive,Satisfied,Infrastructure
1553,2026-08-11,AIDS,6,I am disappointed because the application process takes too long. I hope the college addresses this issue.,Negative,Disappointed,Scholarship
1798,2026-08-19,ECE,8,"Currently, the cafeteria facilities are normal. This is the current situation.",Neutral,Neutral,Cafeteria
790,2026-01-04,CSE,2,I am happy that the hostel is well maintained.,Positive,Happy,Hostel
581,2026-09-05,CIVIL,4,"At present, the laboratory facilities are adequate. The current arrangement is reasonable.",Neutral,Neutral,Laboratory
704,2026-02-14,EEE,5,"Currently, the study space is acceptable. The current arrangement is reasonable.",Neutral,Neutral,Library
1213,2026-02-04,EEE,7,I am satisfied because students receive useful interview training. I appreciate the effort taken by the college.,Positive,Satisfied,Placement
1296,2026-09-17,ECE,5,I feel disappointed that the placement opportunities are not diverse. This should be improved soon.,Negative,Disappointed,Placement
1505,2026-02-04,AIDS,5,I am satisfied because the scholarship information is clearly provided. I appreciate the effort taken by the college.,Positive,Satisfied,Scholarship
1261,2026-09-14,CSE,6,I am worried because the placement department provides little support. This is affecting the student experience.,Negative,Frustrated,Placement
488,2026-01-07,MECH,4,I feel happy because the lab sessions are well organized. This has improved my college experience.,Positive,Happy,Laboratory
560,2026-03-18,IT,2,"Currently, the practical sessions follow the timetable. I do not have a strong opinion about it.",Neutral,Neutral,Laboratory
1142,2026-09-09,AIDS,6,I am frustrated because the campus facilities are poorly maintained. This should be improved soon.,Negative,Anxious,Infrastructure
1120,2026-05-11,CSE,3,I am very unhappy that the WiFi connection is very poor. This should be improved soon.,Negative,Angry,Infrastructure
802,2026-01-31,ECE,3,I feel worried because the rooms require better maintenance.,Negative,Anxious,Hostel
513,2026-08-18,CSE,2,I am disappointed because the laboratory has insufficient equipment. I hope the college addresses this issue.,Negative,Angry,Laboratory
634,2026-06-01,CIVIL,5,I am happy that there are enough study spaces. I appreciate the effort taken by the college.,Positive,Happy,Library
1331,2026-04-26,CSE,2,"From my experience, the placement support is average. I do not have a strong opinion about it.",Neutral,Neutral,Placement
1610,2026-05-23,AIDS,4,I observed that scholarship details are provided. The current arrangement is reasonable.,Neutral,Neutral,Scholarship
1151,2026-06-28,CIVIL,7,"Currently, the campus infrastructure is average. I do not have a strong opinion about it.",Neutral,Neutral,Infrastructure
791,2026-04-16,CSE,5,"I am pleased that the accommodation is comfortable. Overall, I am happy with the situation.",Positive,Satisfied,Hostel
117,2026-01-02,ECE,5,"Currently, the teaching quality is acceptable. This is the current situation.",Neutral,Neutral,Teaching
741,2026-05-01,EEE,7,"From my experience, the digital library is available.",Neutral,Neutral,Library
1082,2026-03-22,ECE,5,"I am happy that the infrastructure supports student learning. Overall, I am happy with the situation.",Positive,Happy,Infrastructure
831,2026-08-15,ECE,2,I strongly feel that the hostel environment is uncomfortable. This should be improved soon.,Negative,Disappointed,Hostel
120,2026-01-19,CSE,6,"From my experience, the classes are conducted regularly. I do not have a strong opinion about it.",Neutral,Neutral,Teaching
657,2026-06-22,AIDS,8,I am unhappy because there are too few seats for students. This should be improved soon.,Negative,Anxious,Library
1712,2026-06-14,CIVIL,4,This makes me anxious because the food is not fresh. This should be improved soon.,Negative,Anxious,Cafeteria
636,2026-02-02,MECH,7,I really appreciate that the library has a good collection of books. This has improved my college experience.,Positive,Satisfied,Library
370,2026-04-07,MECH,7,This makes me anxious because the course workload is too high. Students need better support in this area.,Negative,Anxious,Courses
269,2026-05-14,MECH,6,"Currently, faculty members are available when required.",Neutral,Neutral,Faculty
656,2026-09-16,AIDS,4,"As a student, I am concerned that there are not enough study spaces. This is affecting the student experience.",Negative,Frustrated,Library
936,2026-03-08,CSE,1,I feel positive about the fact that the buses are usually on time. This has improved my college experience.,Positive,Happy,Transport
823,2026-08-16,EEE,5,This has been disappointing because the rooms require better maintenance. Students need better support in this area.,Negative,Disappointed,Hostel
867,2026-03-03,CSE,7,"Currently, the maintenance service is adequate.",Neutral,Neutral,Hostel
47,2026-03-21,CSE,3,I have had a good experience because the professor explains difficult topics well. This is helpful for students.,Positive,Satisfied,Teaching
1543,2026-02-25,EEE,7,I really appreciate that the scholarship information is easy to understand. This is helpful for students.,Positive,Happy,Scholarship
992,2026-09-06,AIDS,3,I am worried because the buses do not follow the schedule. I hope the college addresses this issue.,Negative,Anxious,Transport
877,2026-09-09,EEE,3,"From my experience, the hostel facilities are average. This is acceptable for now.",Neutral,Neutral,Hostel
774,2026-03-19,MECH,6,I have had a good experience because the hostel is well maintained. This has improved my college experience.,Positive,Happy,Hostel
1220,2026-03-01,AIDS,6,I really appreciate that the placement training is very useful. This is helpful for students.,Positive,Happy,Placement
1800,2026-07-26,EEE,8,"From my experience, the cafeteria food is average. This is the current situation.",Neutral,Neutral,Cafeteria
5,2026-02-17,EEE,2,"From my experience, the teaching methods are effective.",Positive,Happy,Teaching
1004,2026-06-16,CSE,1,"From my experience, the transport facilities are acceptable.",Neutral,Neutral,Transport
1556,2026-07-27,CIVIL,1,This frustrates me because students face delays in the scholarship process.,Negative,Frustrated,Scholarship
264,2026-02-24,ECE,5,"Overall, the professors follow the department schedule. This is the current situation.",Neutral,Neutral,Faculty
1415,2026-02-17,IT,1,I am disappointed because the timetable is difficult to understand. This should be improved soon.,Negative,Disappointed,Examination
1648,2026-04-12,CSE,7,"From my experience, the scholarship procedure is acceptable. I do not have a strong opinion about it.",Neutral,Neutral,Scholarship
444,2026-04-27,CSE,5,"From my experience, the curriculum is acceptable.",Neutral,Neutral,Courses
1003,2026-04-04,ECE,2,"From my experience, the buses follow the regular schedule. This is acceptable for now.",Neutral,Neutral,Transport
1078,2026-05-22,CSE,1,I am happy with the fact that the classrooms are comfortable. I appreciate the effort taken by the college.,Positive,Satisfied,Infrastructure
838,2026-02-03,IT,7,This makes me angry because the hostel food is poor. I hope the college addresses this issue.,Negative,Angry,Hostel
1613,2026-04-21,IT,8,I observed that the application process is normal.,Neutral,Neutral,Scholarship
305,2026-02-17,EEE,7,I am happy that the course material is informative.,Positive,Satisfied,Courses
1403,2026-02-10,CSE,5,I am disappointed because the examination process creates unnecessary stress. Students need better support in this area.,Negative,Disappointed,Examination
314,2026-07-19,ECE,6,"I really enjoy that the subjects are interesting. Overall, I am happy with the situation.",Positive,Happy,Courses
150,2026-02-20,CIVIL,2,"Currently, the classes are conducted regularly. I do not have a strong opinion about it.",Neutral,Neutral,Teaching
1149,2026-06-20,CSE,4,I feel disappointed that the campus facilities are poorly maintained.,Negative,Disappointed,Infrastructure
1214,2026-05-29,AIDS,1,"I really enjoy that the training improves employability skills. Overall, I am happy with the situation.",Positive,Happy,Placement
575,2026-09-22,MECH,4,"Currently, the laboratory facilities are adequate. The current arrangement is reasonable.",Neutral,Neutral,Laboratory
51,2026-05-23,CIVIL,2,"As a student, I am concerned that the lecturer does not give enough examples. I hope the college addresses this issue.",Negative,Frustrated,Teaching
1606,2026-08-24,IT,1,"From my experience, students receive basic scholarship information. I do not have a strong opinion about it.",Neutral,Neutral,Scholarship
727,2026-02-10,CIVIL,8,I observed that the reading area is adequate. The current arrangement is reasonable.,Neutral,Neutral,Library
834,2026-09-20,EEE,4,I feel frustrated because the hostel rooms are dirty.,Negative,Frustrated,Hostel
1116,2026-07-16,EEE,5,"As a student, I am concerned that the campus facilities are outdated. I hope the college addresses this issue.",Negative,Disappointed,Infrastructure
1167,2026-05-31,MECH,8,I observed that the internet service is acceptable. The current arrangement is reasonable.,Neutral,Neutral,Infrastructure
471,2026-04-07,CSE,7,I really enjoy that the equipment is sufficient for practical work. This has improved my college experience.,Positive,Happy,Laboratory
972,2026-07-10,MECH,7,I feel worried because the buses do not follow the schedule. I hope the college addresses this issue.,Negative,Anxious,Transport
654,2026-01-06,MECH,7,I am disappointed because there are too few seats for students. Students need better support in this area.,Negative,Frustrated,Library
400,2026-05-08,AIDS,8,I am not satisfied because the course workload is too high. Students need better support in this area.,Negative,Disappointed,Courses
512,2026-08-15,CIVIL,4,I feel frustrated because the practical classes are difficult because of equipment problems. This should be improved soon.,Negative,Frustrated,Laboratory
321,2026-06-18,EEE,6,I am happy with the fact that the course content is useful. I appreciate the effort taken by the college.,Positive,Satisfied,Courses
20,2026-05-03,AIDS,4,I really enjoy that the teaching quality is excellent. This has improved my college experience.,Positive,Happy,Teaching
685,2026-09-26,MECH,1,"As a student, I am concerned that important reference books are missing. Students need better support in this area.",Negative,Disappointed,Library
36,2026-09-25,ECE,5,I really enjoy that the faculty makes difficult subjects easier to understand. This is helpful for students.,Positive,Happy,Teaching
903,2026-06-07,AIDS,1,I feel happy because the transport service is reliable. This has improved my college experience.,Positive,Happy,Transport
828,2026-06-12,ECE,3,This makes me angry because the rooms require better maintenance.,Negative,Angry,Hostel
1618,2026-09-11,CSE,3,"Currently, the scholarship information is adequate. I do not have a strong opinion about it.",Neutral,Neutral,Scholarship
408,2026-09-15,ECE,7,"From my experience, the subject content is adequate. This is the current situation.",Neutral,Neutral,Courses
921,2026-07-16,MECH,7,"I have had a good experience because the transport facilities are comfortable. Overall, I am happy with the situation.",Positive,Happy,Transport
538,2026-08-08,CSE,1,I am very unhappy that the laboratory needs better computers. I hope the college addresses this issue.,Negative,Angry,Laboratory
759,2026-06-26,AIDS,5,"I am satisfied because the hostel provides useful facilities. Overall, I am happy with the situation.",Positive,Happy,Hostel
1063,2026-05-09,ECE,5,I feel happy because the classroom facilities are excellent. This has improved my college experience.,Positive,Happy,Infrastructure
1200,2026-08-08,CSE,8,I observed that the facilities are reasonably maintained. This is acceptable for now.,Neutral,Neutral,Infrastructure
246,2026-06-22,IT,8,I am worried because teachers do not provide enough guidance. Students need better support in this area.,Negative,Disappointed,Faculty
1128,2026-05-31,AIDS,7,I am unhappy because the campus facilities are outdated.,Negative,Frustrated,Infrastructure
785,2026-02-02,CIVIL,2,I am happy that the hostel staff are helpful. This is helpful for students.,Positive,Happy,Hostel
490,2026-08-29,CIVIL,8,I am happy that the laboratory computers work well. This is helpful for students.,Positive,Happy,Laboratory
155,2026-08-05,CIVIL,1,I have had a good experience because teachers give helpful suggestions. This has improved my college experience.,Positive,Satisfied,Faculty
962,2026-03-24,IT,4,I feel that the transport service causes delays is a serious problem. This is affecting the student experience.,Negative,Disappointed,Transport
854,2026-03-07,CIVIL,3,I observed that the hostel follows the required rules. This is acceptable for now.,Neutral,Neutral,Hostel
1312,2026-01-16,IT,1,"Currently, the placement training is acceptable. The current arrangement is reasonable.",Neutral,Neutral,Placement
626,2026-02-27,CSE,7,"I am satisfied because the library provides useful online resources. Overall, I am happy with the situation.",Positive,Satisfied,Library
686,2026-09-23,IT,7,I am frustrated because the library environment is uncomfortable. This should be improved soon.,Negative,Frustrated,Library
1407,2026-01-17,ECE,7,I feel frustrated because the evaluation system is unclear.,Negative,Frustrated,Examination
570,2026-08-17,CIVIL,3,"In general, the practical classes follow the schedule. This is acceptable for now.",Neutral,Neutral,Laboratory
1713,2026-06-10,AIDS,4,This makes me angry because the food prices are too high. This is affecting the student experience.,Negative,Angry,Cafeteria
18,2026-09-17,IT,4,I am happy that the lectures are interesting and informative. This has improved my college experience.,Positive,Happy,Teaching
128,2026-01-05,CIVIL,8,"From my experience, the lectures follow the timetable. This is the current situation.",Neutral,Neutral,Teaching
1347,2026-05-08,AIDS,4,I observed that the career support system is adequate.,Neutral,Neutral,Placement
1280,2026-05-19,ECE,3,I am angry because the number of companies is too low. This is affecting the student experience.,Negative,Angry,Placement
1769,2026-02-25,IT,8,I observed that the food quality is adequate. I do not have a strong opinion about it.,Neutral,Neutral,Cafeteria
928,2026-08-14,AIDS,4,"I really enjoy that the bus service makes travel easier. Overall, I am happy with the situation.",Positive,Happy,Transport
981,2026-05-13,CSE,5,This frustrates me because the buses are often late. Students need better support in this area.,Negative,Frustrated,Transport
1765,2026-04-17,EEE,7,"From my experience, the cafeteria environment is acceptable. This is the current situation.",Neutral,Neutral,Cafeteria
191,2026-08-25,CIVIL,5,My experience has been good because faculty members respond quickly to doubts. I appreciate the effort taken by the college.,Positive,Satisfied,Faculty
1140,2026-04-19,CSE,2,I am disappointed because the classrooms are uncomfortable. This should be improved soon.,Negative,Disappointed,Infrastructure
993,2026-04-21,CSE,8,I feel disappointed that the buses are often late. I hope the college addresses this issue.,Negative,Disappointed,Transport
1756,2026-06-21,MECH,8,"Currently, the cafeteria service is normal. This is acceptable for now.",Neutral,Neutral,Cafeteria
1579,2026-09-09,CSE,7,I am disappointed because the available guidance is insufficient. I hope the college addresses this issue.,Negative,Disappointed,Scholarship
607,2026-08-15,MECH,3,I am satisfied because the library is quiet and comfortable. This has improved my college experience.,Positive,Satisfied,Library
181,2026-07-06,ECE,5,"I am happy with the fact that the professors listen to student concerns. Overall, I am happy with the situation.",Positive,Satisfied,Faculty
302,2026-09-15,CIVIL,7,I am pleased that the course content is useful.,Positive,Satisfied,Courses
497,2026-01-02,ECE,6,"I feel happy because the lab sessions are well organized. Overall, I am happy with the situation.",Positive,Happy,Laboratory
1531,2026-02-11,MECH,4,I really enjoy that students receive useful scholarship guidance. I appreciate the effort taken by the college.,Positive,Happy,Scholarship
1544,2026-03-27,ECE,4,I am satisfied because the scholarship information is easy to understand. This is helpful for students.,Positive,Satisfied,Scholarship
1711,2026-07-09,ECE,4,I am worried because the cafeteria service is slow. This is affecting the student experience.,Negative,Anxious,Cafeteria
1794,2026-03-25,EEE,5,"From my experience, the cafeteria prices are reasonable. This is acceptable for now.",Neutral,Neutral,Cafeteria
518,2026-07-26,AIDS,6,I am unhappy because the practical classes are difficult because of equipment problems. This is affecting the student experience.,Negative,Frustrated,Laboratory
1785,2026-07-28,MECH,6,"Currently, the cafeteria service is normal. I do not have a strong opinion about it.",Neutral,Neutral,Cafeteria
1070,2026-06-16,IT,1,"As a student, I am happy that the classrooms have useful equipment. This has improved my college experience.",Positive,Satisfied,Infrastructure
477,2026-04-12,IT,4,I am happy that the practical exercises are useful. I appreciate the effort taken by the college.,Positive,Happy,Laboratory
158,2026-01-14,IT,5,"As a student, I am happy that teachers give helpful suggestions. This is helpful for students.",Positive,Happy,Faculty
1244,2026-04-23,MECH,2,I really enjoy that the placement team provides good guidance. This is helpful for students.,Positive,Happy,Placement
1196,2026-09-11,CIVIL,3,"From my experience, the campus facilities are normal. The current arrangement is reasonable.",Neutral,Neutral,Infrastructure
17,2026-01-02,MECH,5,I am happy that the professor encourages students to ask questions. I appreciate the effort taken by the college.,Positive,Happy,Teaching
1073,2026-04-01,AIDS,8,I feel happy because the college facilities are well maintained. This is helpful for students.,Positive,Happy,Infrastructure
1772,2026-09-07,ECE,1,I observed that the cafeteria is normally maintained. This is acceptable for now.,Neutral,Neutral,Cafeteria
547,2026-07-18,EEE,8,I am not satisfied because many computers do not work properly. I hope the college addresses this issue.,Negative,Frustrated,Laboratory
659,2026-07-22,MECH,4,I am angry because there are not enough study spaces. This is affecting the student experience.,Negative,Angry,Library
1467,2026-02-10,MECH,4,"In general, the exams follow the academic schedule. This is the current situation.",Neutral,Neutral,Examination
1020,2026-04-24,CSE,8,"Currently, the current routes are adequate. This is the current situation.",Neutral,Neutral,Transport
1502,2026-06-15,IT,6,I am pleased that the scholarship process is helpful. This is helpful for students.,Positive,Satisfied,Scholarship
960,2026-06-26,EEE,4,I am angry because the college buses are overcrowded. This is affecting the student experience.,Negative,Angry,Transport
1693,2026-07-12,IT,7,I am happy that the cafeteria provides good variety. I appreciate the effort taken by the college.,Positive,Satisfied,Cafeteria
284,2026-03-13,IT,5,I observed that professor interaction is acceptable.,Neutral,Neutral,Faculty
798,2026-04-12,MECH,6,I am pleased that the hostel environment is comfortable. I appreciate the effort taken by the college.,Positive,Satisfied,Hostel
1468,2026-08-21,MECH,2,"From my experience, the exams follow the academic schedule. This is the current situation.",Neutral,Neutral,Examination
226,2026-06-05,CSE,3,I am not satisfied because faculty support is poor. This should be improved soon.,Negative,Frustrated,Faculty
27,2026-02-19,MECH,7,I really appreciate that the lecturer gives useful examples.,Positive,Satisfied,Teaching
1595,2026-02-27,MECH,3,I feel frustrated because scholarship updates are not communicated properly. Students need better support in this area.,Negative,Frustrated,Scholarship
438,2026-02-14,EEE,7,"Currently, the course structure is normal.",Neutral,Neutral,Courses
1750,2026-04-14,AIDS,8,I feel worried because the cafeteria service is slow. This is affecting the student experience.,Negative,Anxious,Cafeteria
1389,2026-09-15,CSE,6,"From my experience, the evaluation process is transparent. This is helpful for students.",Positive,Happy,Examination
230,2026-05-16,MECH,4,This frustrates me because the faculty members are not supportive. Students need better support in this area.,Negative,Frustrated,Faculty
38,2026-02-07,IT,4,I feel happy because the professor explains difficult topics well.,Positive,Happy,Teaching
750,2026-02-15,CSE,8,I observed that the library follows normal working hours. The current arrangement is reasonable.,Neutral,Neutral,Library
1046,2026-04-12,ECE,3,I observed that the college buses are available as scheduled. This is acceptable for now.,Neutral,Neutral,Transport
1399,2026-03-24,EEE,4,"I really appreciate that the evaluation system is organized. Overall, I am happy with the situation.",Positive,Satisfied,Examination
470,2026-05-29,EEE,6,I am satisfied because the practical exercises are useful. This has improved my college experience.,Positive,Satisfied,Laboratory
1528,2026-01-02,ECE,5,"I have had a good experience because the college provides good scholarship guidance. Overall, I am happy with the situation.",Positive,Happy,Scholarship
1768,2026-08-26,IT,7,"Generally, the cafeteria facilities are normal. This is the current situation.",Neutral,Neutral,Cafeteria
688,2026-03-27,EEE,5,I am worried because there are too few seats for students. This is affecting the student experience.,Negative,Anxious,Library
1659,2026-01-15,EEE,1,I am satisfied because the food quality is consistently good. This has improved my college experience.,Positive,Satisfied,Cafeteria
640,2026-02-10,EEE,1,I really appreciate that the library is quiet and comfortable. I appreciate the effort taken by the college.,Positive,Happy,Library
1547,2026-08-12,AIDS,4,"I am satisfied because the scholarship information is easy to understand. Overall, I am happy with the situation.",Positive,Satisfied,Scholarship
1219,2026-05-23,CSE,5,"I feel happy because the placement training is very useful. Overall, I am happy with the situation.",Positive,Happy,Placement
1159,2026-07-08,AIDS,2,"Currently, the campus facilities are normal. I do not have a strong opinion about it.",Neutral,Neutral,Infrastructure
1416,2026-01-24,CIVIL,1,I am not satisfied because the evaluation process needs improvement. Students need better support in this area.,Negative,Disappointed,Examination
1495,2026-07-30,ECE,6,"From my experience, the examination procedure is normal. This is the current situation.",Neutral,Neutral,Examination
1301,2026-09-16,AIDS,7,I observed that the placement process is normal. This is acceptable for now.,Neutral,Neutral,Placement
1641,2026-05-31,AIDS,7,"At present, the scholarship information is adequate. The current arrangement is reasonable.",Neutral,Neutral,Scholarship
801,2026-08-23,MECH,4,I feel disappointed that the hostel is not properly maintained. This should be improved soon.,Negative,Disappointed,Hostel
161,2026-06-09,MECH,6,I am satisfied because faculty members provide good guidance. This has improved my college experience.,Positive,Satisfied,Faculty
957,2026-09-07,CSE,1,This has been disappointing because the transport service causes delays. Students need better support in this area.,Negative,Disappointed,Transport
1187,2026-03-02,ECE,5,"Currently, the classroom facilities are adequate. This is acceptable for now.",Neutral,Neutral,Infrastructure
822,2026-06-21,EEE,6,I am disappointed because the hostel facilities need improvement. Students need better support in this area.,Negative,Frustrated,Hostel
1519,2026-02-18,ECE,5,I really enjoy that the scholarship procedure is convenient. This has improved my college experience.,Positive,Happy,Scholarship
878,2026-09-09,MECH,8,I observed that the hostel services are satisfactory. The current arrangement is reasonable.,Neutral,Neutral,Hostel
914,2026-02-15,EEE,4,"My experience has been good because the college bus service is convenient. Overall, I am happy with the situation.",Positive,Happy,Transport
153,2026-02-16,CIVIL,2,I feel positive about the fact that teachers are willing to help outside class.,Positive,Happy,Faculty
1653,2026-04-28,MECH,2,I feel happy because the cafeteria service is fast. This has improved my college experience.,Positive,Happy,Cafeteria
510,2026-04-25,MECH,7,This has been disappointing because the laboratory has insufficient equipment. Students need better support in this area.,Negative,Disappointed,Laboratory
1136,2026-01-09,MECH,6,"Overall, the infrastructure is not maintained properly. I hope the college addresses this issue.",Negative,Disappointed,Infrastructure
1251,2026-07-30,MECH,6,I am worried because the number of companies is too low. This is affecting the student experience.,Negative,Angry,Placement
1503,2026-07-10,IT,5,"I feel happy because the college provides good scholarship guidance. Overall, I am happy with the situation.",Positive,Happy,Scholarship
104,2026-07-26,ECE,8,"From my experience, the teaching quality is acceptable. This is the current situation.",Neutral,Neutral,Teaching
1446,2026-05-05,ECE,4,This makes me anxious because the timetable is difficult to understand. I hope the college addresses this issue.,Negative,Anxious,Examination
1444,2026-09-15,IT,7,I am disappointed because students receive exam information too late. Students need better support in this area.,Negative,Frustrated,Examination
587,2026-02-10,MECH,8,I observed that the lab computers work normally.,Neutral,Neutral,Laboratory
1593,2026-01-13,EEE,8,I am not satisfied because scholarship information is difficult to find.,Negative,Disappointed,Scholarship
1144,2026-01-01,ECE,1,I am concerned because the learning environment is uncomfortable. This is affecting the student experience.,Negative,Anxious,Infrastructure
54,2026-07-17,IT,4,This makes me anxious because the professor does not answer student questions properly.,Negative,Anxious,Teaching
152,2026-06-10,MECH,5,"From my experience, faculty members provide good guidance. I appreciate the effort taken by the college.",Positive,Satisfied,Faculty
404,2026-01-16,EEE,7,"At present, the course content is average. I do not have a strong opinion about it.",Neutral,Neutral,Courses
1745,2026-06-08,CSE,5,I am very unhappy that the cafeteria is not clean. This is affecting the student experience.,Negative,Angry,Cafeteria
208,2026-07-02,CIVIL,1,I am disappointed because some professors are not helpful. I hope the college addresses this issue.,Negative,Frustrated,Faculty
1702,2026-05-16,CIVIL,8,I feel disappointed that the food is not fresh. This should be improved soon.,Negative,Disappointed,Cafeteria
1123,2026-07-23,MECH,5,I am worried because the learning environment is uncomfortable. This should be improved soon.,Negative,Anxious,Infrastructure
1635,2026-09-07,CIVIL,1,"From my experience, scholarship details are provided. I do not have a strong opinion about it.",Neutral,Neutral,Scholarship
9,2026-05-17,MECH,2,"I am pleased that the teaching quality is excellent. Overall, I am happy with the situation.",Positive,Satisfied,Teaching
1015,2026-01-09,MECH,3,"Currently, the buses operate according to the timetable. This is the current situation.",Neutral,Neutral,Transport
1617,2026-08-14,AIDS,3,The current situation is that the scholarship application follows the normal process. This is the current situation.,Neutral,Neutral,Scholarship
1061,2026-07-03,AIDS,5,I am happy with the fact that the classrooms are comfortable.,Positive,Satisfied,Infrastructure
453,2026-05-21,EEE,7,I feel happy because the laboratory provides good hands-on experience. This has improved my college experience.,Positive,Happy,Laboratory
254,2026-06-02,CSE,5,I observed that the faculty system is normal. This is the current situation.,Neutral,Neutral,Faculty
1328,2026-09-28,AIDS,6,"From my experience, the training is available for students.",Neutral,Neutral,Placement
897,2026-06-02,CIVIL,2,I observed that the maintenance service is adequate. This is the current situation.,Neutral,Neutral,Hostel
1564,2026-02-27,ECE,1,I feel worried because students face delays in the scholarship process. Students need better support in this area.,Negative,Anxious,Scholarship
881,2026-01-14,CIVIL,6,"Currently, the hostel follows the required rules. The current arrangement is reasonable.",Neutral,Neutral,Hostel
1697,2026-08-22,CIVIL,5,I am pleased that the cafeteria food is good.,Positive,Satisfied,Cafeteria
624,2026-07-19,MECH,5,I am happy that the library provides useful online resources. I appreciate the effort taken by the college.,Positive,Happy,Library
346,2026-09-11,IT,2,I am pleased that the course content is relevant to industry. This is helpful for students.,Positive,Satisfied,Courses
1538,2026-06-15,ECE,7,I really enjoy that the scholarship procedure is convenient. This is helpful for students.,Positive,Happy,Scholarship
263,2026-07-23,CIVIL,8,"From my experience, the professors follow the department schedule.",Neutral,Neutral,Faculty
1322,2026-06-10,AIDS,1,"For me, companies visit the campus regularly. This is acceptable for now.",Neutral,Neutral,Placement
1439,2026-09-19,AIDS,4,I feel frustrated because the timetable is difficult to understand.,Negative,Frustrated,Examination
151,2026-06-23,CIVIL,8,I am happy that the faculty is cooperative. I appreciate the effort taken by the college.,Positive,Happy,Faculty
473,2026-05-11,CIVIL,1,"Overall, the practical sessions are useful. I appreciate the effort taken by the college.",Positive,Satisfied,Laboratory
641,2026-05-17,IT,1,"Overall, the library has many useful reference books. This is helpful for students.",Positive,Satisfied,Library
1783,2026-05-20,MECH,8,"For me, the cafeteria service is normal.",Neutral,Neutral,Cafeteria
1694,2026-02-18,AIDS,4,I feel happy because the cafeteria food is good.,Positive,Happy,Cafeteria
551,2026-03-26,CSE,2,I observed that the current lab arrangements are acceptable. I do not have a strong opinion about it.,Neutral,Neutral,Laboratory
929,2026-05-14,CSE,8,I am happy that transport facilities are useful. I appreciate the effort taken by the college.,Positive,Happy,Transport
489,2026-09-04,ECE,7,"I feel happy because the laboratory environment is good. Overall, I am happy with the situation.",Positive,Happy,Laboratory
1631,2026-06-03,IT,4,"From my experience, the scholarship application follows the normal process. The current arrangement is reasonable.",Neutral,Neutral,Scholarship
1172,2026-04-09,MECH,6,I observed that the internet service is acceptable. This is the current situation.,Neutral,Neutral,Infrastructure
147,2026-09-01,EEE,6,"Currently, the teaching is average.",Neutral,Neutral,Teaching
1732,2026-08-21,MECH,7,This makes me angry because the cafeteria environment is uncomfortable. I hope the college addresses this issue.,Negative,Angry,Cafeteria
403,2026-01-22,EEE,1,"From my experience, the course material is available.",Neutral,Neutral,Courses
955,2026-01-27,ECE,1,This makes me angry because the bus service is poorly managed. This is affecting the student experience.,Negative,Angry,Transport
1689,2026-05-30,CSE,2,I am satisfied because the cafeteria is clean. I appreciate the effort taken by the college.,Positive,Satisfied,Cafeteria
660,2026-06-15,MECH,2,I am very unhappy that the library environment is uncomfortable. This is affecting the student experience.,Negative,Angry,Library
1373,2026-02-19,CSE,8,I am pleased that the exam process is convenient for students. I appreciate the effort taken by the college.,Positive,Satisfied,Examination
464,2026-08-23,CSE,6,"From my experience, the laboratory computers work well. I appreciate the effort taken by the college.",Positive,Happy,Laboratory
1350,2026-05-28,MECH,5,I observed that the placement process follows the normal schedule. This is the current situation.,Neutral,Neutral,Placement
187,2026-06-01,CIVIL,2,I am satisfied because faculty members respond quickly to doubts.,Positive,Happy,Faculty
1148,2026-05-21,CIVIL,8,This makes me anxious because the learning environment is uncomfortable.,Negative,Anxious,Infrastructure
1225,2026-07-08,CSE,8,I am happy with the fact that many companies visit the campus. I appreciate the effort taken by the college.,Positive,Satisfied,Placement
609,2026-04-01,IT,8,I am satisfied because the library provides useful online resources. This is helpful for students.,Positive,Satisfied,Library
144,2026-04-17,IT,4,"Currently, the lectures follow the timetable.",Neutral,Neutral,Teaching
752,2026-06-30,CIVIL,5,I am pleased that the hostel environment is peaceful. I appreciate the effort taken by the college.,Positive,Satisfied,Hostel
1535,2026-08-19,CIVIL,3,I am pleased that students receive timely information. This is helpful for students.,Positive,Satisfied,Scholarship
982,2026-09-17,ECE,2,I feel that the transport service causes delays is a serious problem. I hope the college addresses this issue.,Negative,Frustrated,Transport
198,2026-01-10,ECE,4,I am satisfied because teachers provide useful academic guidance.,Positive,Satisfied,Faculty
884,2026-07-19,ECE,2,"At present, the hostel facilities are normal. The current arrangement is reasonable.",Neutral,Neutral,Hostel
280,2026-03-07,MECH,4,"At present, faculty interaction is normal. The current arrangement is reasonable.",Neutral,Neutral,Faculty
294,2026-06-07,ECE,6,"Currently, teachers provide the required information. This is the current situation.",Neutral,Neutral,Faculty
1642,2026-08-23,MECH,4,"From my experience, students can access the required information. The current arrangement is reasonable.",Neutral,Neutral,Scholarship
401,2026-03-08,CSE,7,I observed that the syllabus covers the required topics. This is acceptable for now.,Neutral,Neutral,Courses
123,2026-01-19,IT,2,"In my opinion, the professor completes the scheduled topics. The current arrangement is reasonable.",Neutral,Neutral,Teaching
1208,2026-06-19,ECE,6,"As a student, I am happy that the placement department provides good support. Overall, I am happy with the situation.",Positive,Happy,Placement
203,2026-07-18,ECE,5,I feel frustrated because some professors are difficult to approach.,Negative,Frustrated,Faculty
1463,2026-05-23,CSE,2,"In general, the evaluation process follows the rules. This is acceptable for now.",Neutral,Neutral,Examination
836,2026-02-14,CSE,8,I am concerned because the rooms require better maintenance. Students need better support in this area.,Negative,Anxious,Hostel
247,2026-06-19,MECH,2,I feel worried because faculty members take too long to respond. I hope the college addresses this issue.,Negative,Anxious,Faculty
1440,2026-02-06,MECH,7,This makes me anxious because the evaluation process needs improvement. This is affecting the student experience.,Negative,Anxious,Examination
1708,2026-05-06,CSE,8,This frustrates me because the cafeteria service is slow. This should be improved soon.,Negative,Frustrated,Cafeteria
1692,2026-05-05,IT,8,I am satisfied because the cafeteria service is fast. I appreciate the effort taken by the college.,Positive,Satisfied,Cafeteria
1154,2026-03-16,CSE,4,"From my experience, the classrooms follow the standard facilities. This is the current situation.",Neutral,Neutral,Infrastructure
1427,2026-04-21,CIVIL,1,I am worried because the examination schedule is confusing. Students need better support in this area.,Negative,Anxious,Examination
385,2026-06-13,ECE,2,I am disappointed because the course material is not updated regularly. This is affecting the student experience.,Negative,Disappointed,Courses
1584,2026-08-03,EEE,7,I am frustrated because students face delays in the scholarship process. This is affecting the student experience.,Negative,Angry,Scholarship
855,2026-08-06,MECH,2,I observed that the hostel environment is normal.,Neutral,Neutral,Hostel
220,2026-06-13,MECH,6,My experience has been difficult because some teachers are not cooperative.,Negative,Angry,Faculty
642,2026-02-19,AIDS,4,I am satisfied because the library is quiet and comfortable. This is helpful for students.,Positive,Satisfied,Library
2,2026-02-17,CSE,4,I am happy that the lectures are interesting and informative.,Positive,Happy,Teaching
113,2026-03-23,ECE,1,"Generally, the professor covers the required topics. This is acceptable for now.",Neutral,Neutral,Teaching
699,2026-01-17,MECH,5,"Overall, there are not enough study spaces. This should be improved soon.",Negative,Frustrated,Library
1719,2026-06-11,CIVIL,1,This has been disappointing because the service is poorly managed. Students need better support in this area.,Negative,Disappointed,Cafeteria
952,2026-05-04,EEE,4,This frustrates me because transport facilities need improvement. This should be improved soon.,Negative,Frustrated,Transport
1577,2026-07-09,ECE,5,This makes me anxious because the scholarship procedure is difficult. Students need better support in this area.,Negative,Anxious,Scholarship
1411,2026-08-09,EEE,5,I am frustrated because the exam timetable was announced late. I hope the college addresses this issue.,Negative,Frustrated,Examination
1410,2026-05-19,MECH,1,My experience has been difficult because students receive exam information too late. This should be improved soon.,Negative,Frustrated,Examination
1534,2026-08-14,ECE,2,I really enjoy that the scholarship information is easy to understand. This has improved my college experience.,Positive,Happy,Scholarship
1292,2026-02-20,AIDS,2,"As a student, I am concerned that the placement opportunities are not diverse. I hope the college addresses this issue.",Negative,Anxious,Placement
1628,2026-05-05,CSE,6,"In general, the scholarship procedure is acceptable.",Neutral,Neutral,Scholarship
442,2026-07-25,AIDS,7,I observed that the course workload is manageable. The current arrangement is reasonable.,Neutral,Neutral,Courses
1521,2026-08-30,IT,8,I am happy with the fact that the scholarship information is easy to understand.,Positive,Satisfied,Scholarship
1137,2026-09-06,EEE,2,I am disappointed because the WiFi connection is very poor. Students need better support in this area.,Negative,Anxious,Infrastructure
1257,2026-02-09,ECE,6,I am disappointed because students do not receive enough interview training.,Negative,Disappointed,Placement
1677,2026-09-27,IT,3,I really appreciate that the food quality is satisfactory. This has improved my college experience.,Positive,Happy,Cafeteria
1398,2026-04-13,CSE,5,My experience has been good because the exam arrangements are good. This is helpful for students.,Positive,Happy,Examination
664,2026-06-25,MECH,2,I am worried because the library facilities need improvement.,Negative,Angry,Library
1652,2026-02-21,ECE,6,I really enjoy that the staff provide good service. I appreciate the effort taken by the college.,Positive,Happy,Cafeteria
1258,2026-02-03,CSE,1,This makes me angry because the placement opportunities are limited.,Negative,Angry,Placement
1611,2026-04-27,CSE,8,I observed that the application process is normal. This is acceptable for now.,Neutral,Neutral,Scholarship
318,2026-09-10,CSE,2,I really enjoy that the course structure is easy to follow. This has improved my college experience.,Positive,Happy,Courses
649,2026-09-19,IT,3,I am pleased that the library has many useful reference books. This is helpful for students.,Positive,Happy,Library
1435,2026-09-11,CSE,4,I feel disappointed that the exam timetable was announced late. I hope the college addresses this issue.,Negative,Disappointed,Examination
1480,2026-09-06,MECH,4,I observed that the evaluation system is adequate. This is the current situation.,Neutral,Neutral,Examination
710,2026-01-15,CIVIL,3,"For me, the library has the required basic books. I do not have a strong opinion about it.",Neutral,Neutral,Library
1383,2026-05-14,CIVIL,8,"I am satisfied because the exam timetable is clearly communicated. Overall, I am happy with the situation.",Positive,Satisfied,Examination
1283,2026-09-04,EEE,3,I am concerned because students do not receive enough interview training. This is affecting the student experience.,Negative,Anxious,Placement
973,2026-04-27,CSE,7,This makes me angry because the buses do not follow the schedule. This is affecting the student experience.,Negative,Angry,Transport
628,2026-03-21,ECE,2,I feel happy because the library has a good collection of books. I appreciate the effort taken by the college.,Positive,Happy,Library
633,2026-06-28,ECE,8,I am satisfied because the library collection is helpful for students. This is helpful for students.,Positive,Satisfied,Library
1307,2026-04-03,AIDS,2,"From my experience, the career support system is adequate. This is the current situation.",Neutral,Neutral,Placement
1401,2026-04-08,CIVIL,4,I am not satisfied because the timetable is difficult to understand. This is affecting the student experience.,Negative,Angry,Examination
1409,2026-01-19,ECE,2,This makes me angry because the examination schedule is confusing. Students need better support in this area.,Negative,Angry,Examination
1249,2026-01-16,CSE,6,"I feel happy because the placement process is well organized. Overall, I am happy with the situation.",Positive,Happy,Placement
1754,2026-06-24,CIVIL,5,I observed that the food variety is acceptable. This is acceptable for now.,Neutral,Neutral,Cafeteria
1255,2026-04-05,CIVIL,2,I am disappointed because career guidance is not sufficient. This is affecting the student experience.,Negative,Disappointed,Placement
1497,2026-09-13,ECE,4,"In my opinion, the evaluation process follows the rules. The current arrangement is reasonable.",Neutral,Neutral,Examination
1372,2026-06-06,AIDS,5,I am happy that the evaluation process is transparent. This has improved my college experience.,Positive,Happy,Examination
1530,2026-04-06,ECE,1,I am satisfied because the scholarship process is helpful.,Positive,Happy,Scholarship
1355,2026-05-29,CIVIL,4,I am happy that the evaluation system is organized.,Positive,Happy,Examination
1729,2026-04-22,ECE,2,I am very unhappy that the cafeteria is not clean. This should be improved soon.,Negative,Angry,Cafeteria
1707,2026-01-21,CSE,3,I am frustrated because the service is poorly managed. This is affecting the student experience.,Negative,Frustrated,Cafeteria
1664,2026-04-11,CSE,4,I feel happy because the food quality is consistently good. This is helpful for students.,Positive,Happy,Cafeteria
796,2026-08-21,AIDS,2,I really enjoy that the hostel staff are helpful. This is helpful for students.,Positive,Happy,Hostel
646,2026-05-04,IT,4,"From my experience, the reading environment is comfortable. This is helpful for students.",Positive,Satisfied,Library
1013,2026-06-03,AIDS,7,"Generally, the transport service is normal.",Neutral,Neutral,Transport
1655,2026-08-29,CIVIL,1,"I am happy that the food quality is satisfactory. Overall, I am happy with the situation.",Positive,Happy,Cafeteria
557,2026-03-29,CSE,7,"From my experience, the practical sessions follow the timetable. I do not have a strong opinion about it.",Neutral,Neutral,Laboratory
682,2026-07-18,EEE,8,I feel that there are not enough study spaces is a serious problem. This should be improved soon.,Negative,Disappointed,Library
578,2026-06-28,ECE,5,"Currently, the practical sessions follow the timetable. The current arrangement is reasonable.",Neutral,Neutral,Laboratory
1110,2026-04-14,ECE,8,This makes me angry because the learning environment is uncomfortable. This is affecting the student experience.,Negative,Angry,Infrastructure
1267,2026-02-14,EEE,2,I feel frustrated because very few companies visit the campus. Students need better support in this area.,Negative,Frustrated,Placement
1184,2026-08-06,MECH,6,I observed that the WiFi works normally.,Neutral,Neutral,Infrastructure
525,2026-01-20,AIDS,2,This makes me angry because the lab equipment is outdated. I hope the college addresses this issue.,Negative,Angry,Laboratory
1060,2026-05-20,EEE,1,I am pleased that the classrooms have useful equipment. This has improved my college experience.,Positive,Satisfied,Infrastructure
541,2026-02-09,MECH,2,I am disappointed because the practical sessions are poorly organized. I hope the college addresses this issue.,Negative,Angry,Laboratory
1195,2026-03-24,MECH,4,"From my experience, the classrooms are acceptable.",Neutral,Neutral,Infrastructure
749,2026-09-04,MECH,2,"In general, the library facilities are normal. The current arrangement is reasonable.",Neutral,Neutral,Library
1667,2026-09-24,IT,5,I feel positive about the fact that the cafeteria service is fast. This is helpful for students.,Positive,Satisfied,Cafeteria
1431,2026-05-18,MECH,5,I feel disappointed that the timetable is difficult to understand. I hope the college addresses this issue.,Negative,Disappointed,Examination
485,2026-03-27,AIDS,3,I feel positive about the fact that the practical classes improve our skills. I appreciate the effort taken by the college.,Positive,Satisfied,Laboratory
96,2026-09-02,AIDS,2,I feel worried because the lectures are not interesting. I hope the college addresses this issue.,Negative,Anxious,Teaching
1021,2026-04-18,AIDS,4,"Currently, the buses operate according to the timetable. The current arrangement is reasonable.",Neutral,Neutral,Transport
564,2026-02-20,EEE,3,"Currently, the practical classes follow the schedule. The current arrangement is reasonable.",Neutral,Neutral,Laboratory
1265,2026-08-09,AIDS,7,I am very unhappy that the number of companies is too low. Students need better support in this area.,Negative,Angry,Placement
743,2026-08-02,CSE,5,"From my experience, the reading area is adequate. This is the current situation.",Neutral,Neutral,Library
864,2026-02-12,ECE,8,The current situation is that the maintenance service is adequate.,Neutral,Neutral,Hostel
1599,2026-06-07,MECH,3,This makes me anxious because students do not receive enough guidance. I hope the college addresses this issue.,Negative,Anxious,Scholarship
1485,2026-09-14,EEE,8,The current situation is that the examination process is normal.,Neutral,Neutral,Examination
892,2026-03-17,CSE,3,"From my experience, the hostel facilities are normal. I do not have a strong opinion about it.",Neutral,Neutral,Hostel
1578,2026-03-27,IT,6,"Overall, the application requirements are confusing. This should be improved soon.",Negative,Disappointed,Scholarship
1039,2026-07-03,ECE,3,"From my experience, the transport service is normal. The current arrangement is reasonable.",Neutral,Neutral,Transport
207,2026-07-23,CIVIL,8,I feel frustrated because faculty members rarely respond to doubts. Students need better support in this area.,Negative,Frustrated,Faculty
393,2026-07-21,AIDS,1,This frustrates me because the subjects have too much theoretical content. This should be improved soon.,Negative,Frustrated,Courses
795,2026-01-28,MECH,6,I am satisfied because the hostel is well maintained.,Positive,Satisfied,Hostel
871,2026-09-12,CSE,3,"From my experience, the hostel follows the required rules. I do not have a strong opinion about it.",Neutral,Neutral,Hostel
398,2026-02-16,MECH,4,I feel frustrated because the workload creates unnecessary pressure. This should be improved soon.,Negative,Frustrated,Courses
767,2026-03-04,MECH,2,"I feel happy because the accommodation is comfortable. Overall, I am happy with the situation.",Positive,Happy,Hostel
1657,2026-04-03,ECE,2,"I feel happy because the cafeteria environment is comfortable. Overall, I am happy with the situation.",Positive,Happy,Cafeteria
1242,2026-06-20,CSE,4,I am pleased that the companies offer relevant opportunities. This is helpful for students.,Positive,Satisfied,Placement
1029,2026-02-02,MECH,2,"From my experience, the buses follow the regular schedule. This is the current situation.",Neutral,Neutral,Transport
643,2026-04-02,IT,7,"I am happy with the fact that the library collection is helpful for students. Overall, I am happy with the situation.",Positive,Satisfied,Library
1699,2026-04-18,IT,6,"I am pleased that the food is fresh and tasty. Overall, I am happy with the situation.",Positive,Satisfied,Cafeteria
613,2026-06-03,AIDS,7,I feel positive about the fact that the library collection is helpful for students. I appreciate the effort taken by the college.,Positive,Happy,Library
961,2026-08-28,CSE,5,This makes me angry because there are not enough buses. I hope the college addresses this issue.,Negative,Angry,Transport
1571,2026-03-08,ECE,5,I am frustrated because the scholarship procedure needs improvement. This is affecting the student experience.,Negative,Frustrated,Scholarship
726,2026-07-16,AIDS,2,"Overall, the library has the required basic books.",Neutral,Neutral,Library
684,2026-08-07,EEE,1,My experience has been difficult because the digital library resources are limited. This should be improved soon.,Negative,Disappointed,Library
99,2026-04-17,MECH,4,This frustrates me because the classes are difficult to follow.,Negative,Frustrated,Teaching
805,2026-08-08,MECH,4,I am worried because the hostel is not properly maintained.,Negative,Disappointed,Hostel
1598,2026-09-25,ECE,1,I feel worried because the scholarship procedure needs improvement. This should be improved soon.,Negative,Anxious,Scholarship
407,2026-05-08,MECH,1,I observed that the curriculum is acceptable. The current arrangement is reasonable.,Neutral,Neutral,Courses
503,2026-05-21,EEE,6,This has been disappointing because the practical classes are difficult because of equipment problems. This should be improved soon.,Negative,Disappointed,Laboratory
1072,2026-02-25,ECE,8,I am happy that the classrooms have useful equipment. I appreciate the effort taken by the college.,Positive,Happy,Infrastructure
1057,2026-07-13,IT,3,I really enjoy that the campus environment is comfortable. I appreciate the effort taken by the college.,Positive,Happy,Infrastructure
930,2026-08-15,ECE,8,I feel positive about the fact that the bus service makes travel easier.,Positive,Happy,Transport
780,2026-05-03,EEE,7,I am happy that the maintenance service is good.,Positive,Happy,Hostel
201,2026-03-15,ECE,7,This frustrates me because faculty members take too long to respond. This should be improved soon.,Negative,Frustrated,Faculty
135,2026-05-16,IT,2,"From my experience, the classes are conducted regularly.",Neutral,Neutral,Teaching
1052,2026-06-17,CSE,1,"I am pleased that the classroom facilities are excellent. Overall, I am happy with the situation.",Positive,Happy,Infrastructure
41,2026-03-21,ECE,5,I am happy that the professor explains difficult topics well. This is helpful for students.,Positive,Happy,Teaching
1018,2026-07-03,EEE,3,"At present, the buses follow the regular schedule. The current arrangement is reasonable.",Neutral,Neutral,Transport
231,2026-05-29,MECH,5,I am disappointed because faculty members take too long to respond. This is affecting the student experience.,Negative,Disappointed,Faculty
1514,2026-07-01,ECE,6,I am pleased that the scholarship application process is simple. I appreciate the effort taken by the college.,Positive,Satisfied,Scholarship
379,2026-01-06,CSE,8,This makes me angry because the curriculum needs improvement. This should be improved soon.,Negative,Angry,Courses
289,2026-07-31,EEE,3,"Overall, teachers provide the required information. The current arrangement is reasonable.",Neutral,Neutral,Faculty
419,2026-03-14,ECE,2,I observed that the course structure is normal. I do not have a strong opinion about it.,Neutral,Neutral,Courses
392,2026-07-31,MECH,6,I am frustrated because the curriculum needs improvement. Students need better support in this area.,Negative,Frustrated,Courses
593,2026-07-25,ECE,8,"From my experience, the practical classes follow the schedule. This is the current situation.",Neutral,Neutral,Laboratory
1523,2026-02-12,EEE,2,"I am satisfied because the scholarship information is clearly provided. Overall, I am happy with the situation.",Positive,Happy,Scholarship
1163,2026-03-05,CIVIL,4,"Currently, the internet service is acceptable. The current arrangement is reasonable.",Neutral,Neutral,Infrastructure
1087,2026-08-13,CSE,8,"I am happy with the fact that the campus environment is comfortable. Overall, I am happy with the situation.",Positive,Satisfied,Infrastructure
1496,2026-07-28,CIVIL,1,"Currently, the examination system is acceptable. The current arrangement is reasonable.",Neutral,Neutral,Examination
648,2026-06-03,CSE,4,I really enjoy that there are enough study spaces.,Positive,Happy,Library
1153,2026-06-05,EEE,3,"Currently, the WiFi works normally.",Neutral,Neutral,Infrastructure
1368,2026-03-21,AIDS,5,I am pleased that the examination process is well organized. This is helpful for students.,Positive,Satisfied,Examination
521,2026-05-12,IT,5,I feel worried because the laboratory computers are very slow. This is affecting the student experience.,Negative,Anxious,Laboratory
65,2026-06-12,CIVIL,8,I feel disappointed that the professor rushes through important concepts. Students need better support in this area.,Negative,Disappointed,Teaching
15,2026-02-02,EEE,7,I feel happy because the professor explains difficult topics well. I appreciate the effort taken by the college.,Positive,Happy,Teaching
1181,2026-04-28,ECE,2,"From my experience, the infrastructure is sufficient for regular use. The current arrangement is reasonable.",Neutral,Neutral,Infrastructure
1065,2026-01-07,EEE,3,I have had a good experience because the college facilities are well maintained. I appreciate the effort taken by the college.,Positive,Satisfied,Infrastructure
493,2026-06-11,AIDS,8,I am pleased that the lab sessions are well organized. I appreciate the effort taken by the college.,Positive,Satisfied,Laboratory
380,2026-03-02,CIVIL,1,I feel worried because the syllabus contains too many topics. I hope the college addresses this issue.,Negative,Anxious,Courses
188,2026-07-12,CSE,3,"My experience has been good because the faculty is cooperative. Overall, I am happy with the situation.",Positive,Happy,Faculty
764,2026-09-24,ECE,3,"My experience has been good because the maintenance service is good. Overall, I am happy with the situation.",Positive,Happy,Hostel
217,2026-01-14,MECH,3,I feel worried because faculty support is poor.,Negative,Anxious,Faculty
792,2026-01-20,IT,3,I am satisfied because the hostel environment is peaceful. This is helpful for students.,Positive,Satisfied,Hostel
1077,2026-08-10,CIVIL,8,I am happy that the classrooms have useful equipment. This has improved my college experience.,Positive,Happy,Infrastructure
879,2026-09-11,IT,7,"From my experience, the maintenance service is adequate. This is the current situation.",Neutral,Neutral,Hostel
338,2026-06-28,ECE,8,I am happy with the fact that the subjects help students develop useful skills.,Positive,Satisfied,Courses
720,2026-06-20,EEE,1,"Generally, the library has the required basic books.",Neutral,Neutral,Library
296,2026-08-02,ECE,3,"Currently, the faculty members are available during office hours. The current arrangement is reasonable.",Neutral,Neutral,Faculty
1017,2026-01-16,CIVIL,8,"In general, the transport system meets basic requirements. The current arrangement is reasonable.",Neutral,Neutral,Transport
1276,2026-04-13,EEE,6,"As a student, I am concerned that placement training needs improvement. This is affecting the student experience.",Negative,Frustrated,Placement
1486,2026-07-25,CSE,5,I observed that the timetable is available on time. I do not have a strong opinion about it.,Neutral,Neutral,Examination
456,2026-04-07,CSE,4,I am happy with the fact that the laboratory environment is good. This has improved my college experience.,Positive,Satisfied,Laboratory
1797,2026-06-13,IT,6,"Currently, the cafeteria prices are reasonable.",Neutral,Neutral,Cafeteria
816,2026-06-30,ECE,7,I am disappointed because the hostel environment is noisy. I hope the college addresses this issue.,Negative,Angry,Hostel
270,2026-03-23,EEE,5,"In my opinion, faculty support is average. This is the current situation.",Neutral,Neutral,Faculty
996,2026-07-29,EEE,4,This makes me anxious because the buses are often late. Students need better support in this area.,Negative,Anxious,Transport
202,2026-02-13,IT,6,I am concerned because the faculty members are not supportive. This should be improved soon.,Negative,Anxious,Faculty
162,2026-01-26,MECH,2,"I am satisfied because teachers give helpful suggestions. Overall, I am happy with the situation.",Positive,Happy,Faculty
1580,2026-07-22,CSE,4,I am angry because the scholarship procedure is difficult.,Negative,Angry,Scholarship
730,2026-09-07,AIDS,2,"For me, the library follows normal working hours. I do not have a strong opinion about it.",Neutral,Neutral,Library
402,2026-01-12,AIDS,4,"From my experience, the course follows the planned syllabus.",Neutral,Neutral,Courses
703,2026-09-27,EEE,4,I observed that the library follows normal working hours. This is the current situation.,Neutral,Neutral,Library
1501,2026-07-24,AIDS,5,I am happy with the fact that the scholarship procedure is convenient. I appreciate the effort taken by the college.,Positive,Satisfied,Scholarship
1130,2026-01-22,AIDS,4,I am frustrated because the classrooms are uncomfortable. Students need better support in this area.,Negative,Frustrated,Infrastructure
566,2026-01-04,EEE,4,I observed that the laboratory facilities are acceptable. The current arrangement is reasonable.,Neutral,Neutral,Laboratory
1414,2026-07-08,ECE,4,I am angry because the evaluation system is unclear. Students need better support in this area.,Negative,Angry,Examination
1022,2026-09-10,CSE,4,"Generally, the transport system meets basic requirements. The current arrangement is reasonable.",Neutral,Neutral,Transport
1026,2026-07-05,IT,1,"In my opinion, the current routes are adequate. I do not have a strong opinion about it.",Neutral,Neutral,Transport
1412,2026-07-14,MECH,1,"Overall, the evaluation process needs improvement. This should be improved soon.",Negative,Frustrated,Examination
1586,2026-08-30,MECH,2,I feel worried because the scholarship process is complicated. Students need better support in this area.,Negative,Anxious,Scholarship
1105,2026-05-05,CSE,1,I feel that the WiFi connection is very poor is a serious problem. I hope the college addresses this issue.,Negative,Angry,Infrastructure
206,2026-05-31,CSE,1,I am very unhappy that teachers do not provide enough guidance.,Negative,Angry,Faculty
35,2026-07-26,AIDS,4,"I feel happy because the teaching methods are effective. Overall, I am happy with the situation.",Positive,Happy,Teaching
776,2026-03-04,IT,6,I feel happy because the hostel environment is peaceful. I appreciate the effort taken by the college.,Positive,Happy,Hostel
509,2026-04-15,CIVIL,1,I feel worried because the practical sessions are poorly organized. I hope the college addresses this issue.,Negative,Anxious,Laboratory
1452,2026-05-15,CIVIL,8,I observed that the examination system is acceptable. I do not have a strong opinion about it.,Neutral,Neutral,Examination
1479,2026-06-12,EEE,7,"From my experience, the exams are conducted according to the plan. This is the current situation.",Neutral,Neutral,Examination
1771,2026-04-16,EEE,3,"From my experience, the cafeteria environment is acceptable.",Neutral,Neutral,Cafeteria
1391,2026-07-21,AIDS,8,I feel happy because the evaluation system is organized. This has improved my college experience.,Positive,Happy,Examination
92,2026-04-21,MECH,8,I am unhappy because the professor does not answer student questions properly. This should be improved soon.,Negative,Frustrated,Teaching
1364,2026-02-26,AIDS,8,I am pleased that the exam arrangements are good. This has improved my college experience.,Positive,Satisfied,Examination
898,2026-03-13,CSE,2,"In general, the hostel follows the regular schedule. I do not have a strong opinion about it.",Neutral,Neutral,Hostel
565,2026-07-29,ECE,4,"In general, the laboratory is available for practical sessions. This is the current situation.",Neutral,Neutral,Laboratory
1370,2026-07-24,AIDS,5,I have had a good experience because the examination schedule is easy to understand. I appreciate the effort taken by the college.,Positive,Happy,Examination
777,2026-07-07,IT,6,I am happy with the fact that the rooms are spacious and clean.,Positive,Satisfied,Hostel
242,2026-03-02,CSE,2,I am worried because professors do not give enough academic guidance. Students need better support in this area.,Negative,Disappointed,Faculty
14,2026-09-10,AIDS,1,I am satisfied because the faculty makes difficult subjects easier to understand. This is helpful for students.,Positive,Satisfied,Teaching
316,2026-02-17,IT,6,I am satisfied because the course content is relevant to industry. This has improved my college experience.,Positive,Satisfied,Courses
601,2026-02-06,AIDS,3,I am happy with the fact that the library has many useful reference books. I appreciate the effort taken by the college.,Positive,Satisfied,Library
388,2026-05-05,EEE,6,This makes me anxious because the course workload is too high. I hope the college addresses this issue.,Negative,Anxious,Courses
1298,2026-06-12,ECE,3,I feel frustrated because the placement opportunities are limited. Students need better support in this area.,Negative,Frustrated,Placement
167,2026-09-14,IT,6,"I feel happy because faculty members provide good guidance. Overall, I am happy with the situation.",Positive,Happy,Faculty
841,2026-04-25,AIDS,1,This makes me anxious because the hostel environment is noisy. This is affecting the student experience.,Negative,Anxious,Hostel
21,2026-03-06,CSE,8,I really enjoy that the faculty makes difficult subjects easier to understand.,Positive,Happy,Teaching
647,2026-07-23,AIDS,1,I am pleased that the reading environment is comfortable. I appreciate the effort taken by the college.,Positive,Satisfied,Library
1509,2026-04-21,ECE,3,I am happy that the scholarship information is easy to understand.,Positive,Happy,Scholarship
1155,2026-03-17,EEE,7,"Currently, the facilities are reasonably maintained.",Neutral,Neutral,Infrastructure
1529,2026-02-14,IT,8,I am pleased that the scholarship procedure is convenient. This is helpful for students.,Positive,Satisfied,Scholarship
832,2026-06-07,AIDS,7,This frustrates me because the food quality is not good.,Negative,Frustrated,Hostel
1268,2026-02-04,ECE,6,I am concerned because the number of companies is too low. This should be improved soon.,Negative,Anxious,Placement
1591,2026-08-25,MECH,2,I am unhappy because the available guidance is insufficient. This should be improved soon.,Negative,Anxious,Scholarship
563,2026-08-08,CSE,8,I observed that the laboratory facilities are adequate. The current arrangement is reasonable.,Neutral,Neutral,Laboratory
1753,2026-01-22,MECH,4,I observed that the cafeteria facilities are normal. I do not have a strong opinion about it.,Neutral,Neutral,Cafeteria
687,2026-04-08,ECE,8,This has been disappointing because the library does not have enough books.,Negative,Disappointed,Library
958,2026-02-02,ECE,7,I feel frustrated because there are not enough buses. Students need better support in this area.,Negative,Frustrated,Transport
190,2026-05-03,ECE,8,"I feel positive about the fact that the professors listen to student concerns. Overall, I am happy with the situation.",Positive,Satisfied,Faculty
976,2026-01-30,MECH,5,I am unhappy because the transport service causes delays. Students need better support in this area.,Negative,Frustrated,Transport
700,2026-03-24,MECH,5,I feel frustrated because the library collection is outdated. This should be improved soon.,Negative,Frustrated,Library
1500,2026-08-06,EEE,3,I observed that the examination system is acceptable.,Neutral,Neutral,Examination
1706,2026-07-17,AIDS,5,I am concerned because the cafeteria is not clean. This should be improved soon.,Negative,Anxious,Cafeteria
511,2026-07-18,EEE,6,"Overall, many computers do not work properly. This is affecting the student experience.",Negative,Anxious,Laboratory
1083,2026-03-04,ECE,2,I have had a good experience because the campus WiFi works very well. This is helpful for students.,Positive,Happy,Infrastructure
475,2026-04-16,MECH,1,"I really enjoy that the equipment is sufficient for practical work. Overall, I am happy with the situation.",Positive,Happy,Laboratory
1585,2026-09-15,AIDS,7,I am frustrated because students do not receive enough guidance. Students need better support in this area.,Negative,Frustrated,Scholarship
857,2026-02-03,ECE,1,"From my experience, the accommodation is acceptable.",Neutral,Neutral,Hostel
748,2026-07-07,AIDS,1,"Currently, the digital library is available. The current arrangement is reasonable.",Neutral,Neutral,Library
253,2026-07-01,MECH,5,"For me, the professors follow the department schedule. The current arrangement is reasonable.",Neutral,Neutral,Faculty
22,2026-04-19,IT,4,I feel happy because the lectures are interesting and informative. I appreciate the effort taken by the college.,Positive,Happy,Teaching
1338,2026-01-07,MECH,4,"Overall, companies visit the campus regularly. This is acceptable for now.",Neutral,Neutral,Placement
460,2026-05-13,MECH,3,"I really enjoy that the practical exercises are useful. Overall, I am happy with the situation.",Positive,Happy,Laboratory
1185,2026-04-26,CSE,2,I observed that the facilities are reasonably maintained. The current arrangement is reasonable.,Neutral,Neutral,Infrastructure
277,2026-01-31,AIDS,8,"From my experience, faculty support is average.",Neutral,Neutral,Faculty
956,2026-05-29,AIDS,8,My experience has been difficult because the bus service is unreliable. Students need better support in this area.,Negative,Disappointed,Transport
1216,2026-05-20,CSE,3,I am pleased that the training improves employability skills. I appreciate the effort taken by the college.,Positive,Satisfied,Placement
386,2026-04-02,CSE,1,This makes me anxious because the workload creates unnecessary pressure.,Negative,Anxious,Courses
806,2026-03-18,IT,1,I feel worried because the hostel is not properly maintained. Students need better support in this area.,Negative,Anxious,Hostel
1438,2026-01-23,IT,4,I feel that the exam arrangements are poor is a serious problem. Students need better support in this area.,Negative,Frustrated,Examination
1516,2026-08-11,MECH,6,I am pleased that the scholarship support is useful.,Positive,Satisfied,Scholarship
344,2026-08-16,EEE,3,I am pleased that the course content is relevant to industry. I appreciate the effort taken by the college.,Positive,Satisfied,Courses
770,2026-02-01,EEE,7,I am satisfied because the rooms are spacious and clean. This has improved my college experience.,Positive,Satisfied,Hostel
1333,2026-06-18,MECH,7,"In general, companies visit the campus regularly. This is the current situation.",Neutral,Neutral,Placement
1686,2026-09-24,ECE,2,"Overall, the food quality is satisfactory.",Positive,Satisfied,Cafeteria
131,2026-01-12,CIVIL,7,"Currently, the classes are conducted regularly. This is the current situation.",Neutral,Neutral,Teaching
1688,2026-01-21,EEE,5,"From my experience, the food quality is satisfactory. This has improved my college experience.",Positive,Happy,Cafeteria
872,2026-01-14,CSE,7,"In general, the hostel facilities are average. I do not have a strong opinion about it.",Neutral,Neutral,Hostel
1124,2026-02-05,CIVIL,7,"Overall, the WiFi connection is very poor.",Negative,Angry,Infrastructure
1397,2026-06-14,AIDS,8,"I am satisfied because the evaluation system is organized. Overall, I am happy with the situation.",Positive,Satisfied,Examination
88,2026-05-04,MECH,8,My experience has been difficult because the professor rushes through important concepts. Students need better support in this area.,Negative,Angry,Teaching
1483,2026-07-22,CIVIL,4,I observed that the examination process is normal. This is acceptable for now.,Neutral,Neutral,Examination
331,2026-09-14,CSE,6,I am happy with the fact that the syllabus provides useful practical knowledge. This is helpful for students.,Positive,Satisfied,Courses
1239,2026-06-13,CSE,7,"I am satisfied because the placement opportunities are good. Overall, I am happy with the situation.",Positive,Happy,Placement
467,2026-09-02,EEE,1,I am pleased that the laboratory computers work well. I appreciate the effort taken by the college.,Positive,Satisfied,Laboratory
122,2026-07-23,MECH,2,I observed that the professor covers the required topics. This is the current situation.,Neutral,Neutral,Teaching
1639,2026-08-09,CIVIL,5,I observed that students receive basic scholarship information.,Neutral,Neutral,Scholarship
1045,2026-01-06,AIDS,6,I observed that the transport system meets basic requirements. This is the current situation.,Neutral,Neutral,Transport
1725,2026-02-11,ECE,8,I feel worried because the cafeteria is not clean. I hope the college addresses this issue.,Negative,Anxious,Cafeteria
1096,2026-01-07,EEE,4,I feel happy because the campus has good learning facilities. This has improved my college experience.,Positive,Happy,Infrastructure
1131,2026-09-06,EEE,6,This frustrates me because the infrastructure is not maintained properly. I hope the college addresses this issue.,Negative,Frustrated,Infrastructure
1295,2026-06-29,CIVIL,8,I feel disappointed that the placement preparation is inadequate.,Negative,Disappointed,Placement
861,2026-02-20,CSE,8,"Currently, the hostel environment is normal.",Neutral,Neutral,Hostel
1460,2026-04-02,CSE,1,"From my experience, the examination process is normal. This is the current situation.",Neutral,Neutral,Examination
1127,2026-05-13,CIVIL,7,I am angry because the infrastructure needs improvement. This should be improved soon.,Negative,Angry,Infrastructure
